1,"โครงมุมฉาก ABC ถูกยันไว้ด้วยแท่งโลหะที่จุด C ถูกตรึงไว้ที่จุด B ด้วยหมุด และมีเชือกผูกไว้ที่ จุด A ถ้าแรง P เป็นแรงภายนอกที่มากระทำที่ ปลายของโครง แผนภาพวัตถุอิสระ (Free Body Diagram, FBD) ข้อใดถูก",none,none,none,none,none,4,q1.png,a1.png,b1.png,c1.png,d1.png,none
2,ข้อใดที่เราไม่สามารถหาค่าแรงรองรับของสิ่งแวดล้อม (support reaction) ที่กระทำต่อวัตถุด้วยวิธีทางสถิตยศาสตร์เพียงอย่างเดียว หรือถามว่าปัญหาข้อใดมีลักษณะ statically indeterminate ตัวรองรับรูปวงกลมหมายถึงการวางวัสดุรองรับที่ไม่ติดกับวัตถุ (simple support) ตัวรองรับรูปสามเหลี่ยมหมายถึงยึดด้วยหมุด (pin joint),none,none,none,none,none,1,none,a2.png,b2.png,c2.png,d2.png,none
3,"จากรูปกลไกของเครื่องพิมพ์ดีดที่กำหนดให้ เราสามารถแยกส่วนประกอบ (member) เพื่อวาดรูปแผนภาพวัตถุอิสระ (Free Body Diagram, FBD) ชิ้นประกอบกี่ชิ้นที่รับแรง2แรง (2-force member)",5 ชิ้น,4 ชิ้น,3 ชิ้น,2 ชิ้น,none,1,q3.png,none,none,none,none,none
4,"จากรูปที่กำหนดให้ เราสามารถแยกส่วนประกอบ (member) เพื่อวาดรูปแผนภาพวัตถุอิสระ (Free Body Diagram, FBD) เพื่อหาแรงที่กระทำต่อส่วนประกอบทุกชิ้น เพื่อให้ได้ข้อมูลครบถ้วนสมบูรณ์ที่แสดงให้เห็นการแยกส่วนอย่างชัดเจน เราควรวาดรูป FBD กี่ภาพ",2 ภาพ,3 ภาพ,4 ภาพ,5 ภาพ,none,4,q4.png,none,none,none,none,none
5,"จากรูปที่กำหนดให้ เราสามารถแยกส่วนประกอบ (member) เพื่อวาดรูปแผนภาพวัตถุอิสระ (Free Body Diagram, FBD) เพื่อหาแรงที่กระทำต่อส่วนประกอบทุกชิ้น ชิ้นประกอบส่วนไหนที่เป็นชิ้นส่วนที่รับแรง 2 แรง (2-force member) ที่ชัดเจนมากที่สุด",none,none,none,none,none,3,q5.png,a5.png,b5.png,c5.png,d5.png,none
6,"แผนผังภาพวัตถุอิสระ (Free Body Diagram, FBD) ที่ถูกต้องที่สุดของชิ้นงาน AB คือข้อใด สมมติไม่คิดแรงเสียดทานที่สลัก C และ O",none,none,none,none,none,3,q6.png,a6.png,b6.png,c6.png,d6.png,none
7,แขวนน้ำหนักด้วยเชือกสามเส้นคล้องผ่านห่วง B ดังแสดงในรูป ข้อความใดเป็นจริง,แรงตึงในเชือก AB = 0,แรงตึงในเชือก AB = แรงตึงในเชือก BC,แรงตึงในเชือก AB > แรงตึงในเชือก BC,แรงตึงในเชือก AB < แรงตึงในเชือก BC,none,4,q7.png,none,none,none,none,none
8,ชิ้นงานอยู่ภายใต้แรงกด F ดังรูป ชิ้นงานจะมีภาระของระบบแรงอย่างไรที่ระนาบ A-A,none,none,none,none,none,4,q8.png,a8.png,b8.png,c8.png,d8.png,none
9,รูปในข้อใดต่อไปนี้สามารถแก้ปัญหาเพื่อหาแรงภายนอกและปฏิกิริยาทั้งหมดที่กระทำกับคานได้ด้วยวิธีการทาง สถิตยศาสตร์,none,none,none,none,none,3,none,a9.png,b9.png,c9.png,d9.png,none
10,จากโครงกรอบมวลเบาที่กำหนดให้ จงพิจารณาว่าแผนผัง วัตถุอิสระในข้อใดเขียนไม่ครบถ้วน,none,none,none,none,none,2,q10.png,a10.png,b10.png,c10.png,d10.png,none
11,จากโครงสร้างดังแสดงในรูป จงพิจารณาหาแรงปฏิกิริยาที่ A เมื่อ a = 180 mm,600N,500N,400N,300N,none,3,q11.png,none,none,none,none,none
12,จากโครงสร้างดังแสดงในรูป จงพิจารณาว่าชิ้นส่วนใดเป็นชิ้นส่วนที่รับแรงเพียงสองแรง,AB,BC,ABC,CD,none,4,q12.png,none,none,none,none,none
13,จากโครงสร้างดังแสดงในรูป จงพิจารณาว่าชิ้นส่วนใดเป็นชิ้นส่วนที่รับแรงเพียงสองแรง,AB,BC,BCD,AB และ BCD,none,1,q13.png,none,none,none,none,none
14,สำหรับชิ้นส่วนโครงถักมวลเบาดังแสดงในรูป จงพิจารณาหาชิ้นส่วนที่แรงกระทำเป็นศูนย์,AB,BC,BD,CD,none,1,q14.png,none,none,none,none,none
15,สำหรับชิ้นส่วนโครงถักมวลเบาดังแสดงในรูป จงพิจารณาหาชิ้นส่วนที่แรงกระทำเป็นศูนย์,BC และ BE,FG และ FE,BE และ FE,BC และ FG,none,4,q15.png,none,none,none,none,none
16,สำหรับชิ้นส่วนโครงถักมวลเบาดังแสดงในรูป จงพิจารณาหาชิ้นส่วนที่แรงกระทำเป็นศูนย์,AB,BC,BD,CD,none,1,q16.png,none,none,none,none,none
17,สำหรับชิ้นส่วนโครงถักมวลเบาดังแสดงในรูป จงพิจารณาหาจำนวนชิ้นส่วนที่แรงกระทำเป็นศูนย์,1,2,3,4,none,2,q17.png,none,none,none,none,none
18,สำหรับชิ้นส่วนโครงถักมวลเบาดังแสดงในรูป จงพิจารณาหาชิ้นส่วนที่แรงกระทำเป็นศูนย์,AB,DE,CD,AC,none,2,q18.png,none,none,none,none,none
19,สำหรับชิ้นส่วนโครงถักมวลเบาดังแสดงในรูป จงพิจารณาหาชิ้นส่วนที่แรงกระทำเป็นศูนย์,AB,AC,CD,AE,none,4,q19.png,none,none,none,none,none
20,"กล่อง A มีมวล 12 kg ,กล่อง B มีมวล 6 kg เชื่อมกันด้วยสายเคเบิ้ลผ่านรอกC ซึ่งสามารถหมุนได้อย่างอิสระ สัมประสิทธิ์แรงเสียดทานของพื้นผิวทั้งหมด เท่ากับ 0.12 และมีแรงกระทำ P ผังวัตถุอิสระ (Free Body Diagram) ของมวล A มีแรงกระทำทั้งหมดกี่แรง",4 แรง,5 แรง,6 แรง,7 แรง,none,3,q20.png,none,none,none,none,none
21,"กล่อง A มีมวล 12 kg ,กล่อง B มีมวล 6 kg เชื่อมกันด้วยสายเคเบิ้ลผ่านรอกC ซึ่งสามารถหมุนได้อย่างอิสระ สัมประสิทธิ์แรงเสียดทานของพื้นผิวทั้งหมด เท่ากับ 0.12 และมีแรงกระทำ P ผังวัตถุอิสระ (Free Body Diagram) ของมวล B มีแรงกระทำทั้งหมดกี่แรง",4 แรง,5 แรง,6 แรง,7 แรง,none,2,q21.png,none,none,none,none,none
22,ผังวัตถุอิสระ (Free Body Diagram)ของโครงสร้างที่ไม่คิดน้ำหนักนี้ มีแรงกระทำทั้งหมดกี่แรง,4 แรง,5 แรง,6 แรง,7 แรง,none,1,q22.png,none,none,none,none,none
23,ผังวัตถุอิสระ (Free Body Diagram)ของโครงสร้างที่มีมวลนี้ มีแรงกระทำทั้งหมดกี่แรง,3 แรง,4 แรง,5 แรง,6 แรง,none,2,q23.png,none,none,none,none,none
24,ผังวัตถุอิสระ (Free Body Diagram)ของชิ้นส่วนที่ไม่คิดมวล ACDE มีแรงกระทำทั้งหมดกี่แรง,4 แรง,4 แรง,5 แรง,6 แรง,none,4,q24.png,none,none,none,none,none
25,ผังวัตถุอิสระ (Free Body Diagram)ของชิ้นส่วนที่ไม่คิดมวล ของชิ้นส่วนใด ที่มีลักษณะเป็นแบบ Two-force member,ACDE,BCF,DF,ไม่มีข้อใดถูก,none,3,q25.png,none,none,none,none,none
26,ก้อนวัตถุหนัก 800 N อยู่ภายใต้แรงกระทำ P ถ้าสัมประสิทธิ์ของความเสียดทานระหว่างก้อนวัตถุ  โดยไม่คิดแรงต้านอากาศ Free Body Diagram ของก้อนวัตถุนี้ มีแรงกระทำกี่แรง,3 แรง    ,4 แรง,5 แรง,6 แรง,none,2,q26.png,none,none,none,none,none
27,สำหรับชิ้นส่วนเครื่องจักรกลที่ให้มาดังรูป จงพิจารณาว่าข้อความใดถูกต้อง,ชิ้นส่วนที่รับแรงสองแรง (Two Force Member) คือชิ้นส่วน BD,ชิ้นส่วนที่รับแรงสองแรง (Two Force Member) คือชิ้นส่วน CBA,ชิ้นส่วนที่รับแรงสามแรง (Three Force Member) คือชิ้นส่วน BD,ไม่มีข้อถูก,none,1,q27.png,none,none,none,none,none
28,สำหรับชิ้นส่วนเครื่องจักรกลที่ให้มาดังรูป จงพิจารณาว่าข้อความใดถูกต้อง,ชิ้นส่วนที่รับแรงสามแรง (Three Force Member) คือชิ้นส่วน BD,ชิ้นส่วนที่รับแรงสองแรง (Two Force Member) คือชิ้นส่วน CBA,ชิ้นส่วนที่รับแรงสามแรง (Three Force Member) คือชิ้นส่วน CBA,ไม่มีข้อถูก,none,3,q28.png,none,none,none,none,none
29,ชิ้นส่วนที่รับแรงสองแรง (Two Force Member) คือชิ้นส่วนใด,EBD,AB,D,ไม่มีข้อถูก,none,2,q29.png,none,none,none,none,none
30,ชิ้นส่วนที่รับแรงสองแรง (Two Force Member) คือชิ้นส่วนใด,BE,ABCD,CEF,ไม่มีข้อถูก,none,1,q30.png,none,none,none,none,none
31,ชิ้นส่วนที่รับแรงสองแรง (Two Force Member) คือชิ้นส่วนใด,BE,ABC,DC,ไม่มีข้อถูก,none,3,q31.png,none,none,none,none,none
32,ชิ้นส่วนที่รับแรงสองแรง (Two Force Member) คือชิ้นส่วนใด,ABE,CD,BD,ไม่มีข้อถูก,none,2,q32.png,none,none,none,none,none
33,จากโครงสร้างที่ให้มาดังรูป ชิ้นส่วนที่แรงกระทำเป็นศูนย์ (Zero Force Member) มีกี่ชิ้นส่วน,1 ชิ้นส่วน,2 ชิ้นส่วน,3 ชิ้นส่วน,4 ชิ้นส่วน,none,4,q33.png,none,none,none,none,none
34,จากโครงสร้างที่ให้มาดังรูป ชิ้นส่วนที่แรงกระทำเป็นศูนย์ (Zero Force Member) มีกี่ชิ้นส่วน,1 ชิ้นส่วน,2 ชิ้นส่วน,3 ชิ้นส่วน,4 ชิ้นส่วน,none,3,q34.png,none,none,none,none,none
35,จากโครงสร้างที่ให้มาดังรูป ชิ้นส่วนที่แรงกระทำเป็นศูนย์ (Zero Force Member) มีกี่ชิ้นส่วน,1 ชิ้นส่วน,2 ชิ้นส่วน,3 ชิ้นส่วน,4 ชิ้นส่วน,none,3,q35.png,none,none,none,none,none
36,จากโครงสร้างที่ให้มาดังรูป ชิ้นส่วนที่แรงกระทำเป็นศูนย์ (Zero Force Member) มีกี่ชิ้นส่วน,5 ชิ้นส่วน,6 ชิ้นส่วน,7 ชิ้นส่วน,8 ชิ้นส่วน,none,3,q36.png,none,none,none,none,none
37,สำหรับโครงสร้างมวลเบา ที่รองรับด้วย ball and socket ที่จุด A และผูกยึดด้วยเส้นเชือก BD และ BE ดังแสดงในรูป ปริมาณตัวแปรที่ไม่ทราบค่า (แรงที่ไม่ทราบค่า) มีกี่ตัวแปร,3 ตัวแปร,4 ตัวแปร,5 ตัวแปร,6 ตัวแปร,none,3,q37.png,none,none,none,none,none
38,แผ่นดิสค์แบบเรียบลื่น(Smooth disk) มีน้ำหนัก 20 N ถูกยึดด้วยหมุดที่จุด D ดังรูป ถ้าไม่คิดน้ำหนักของชิ้นส่วนอื่นๆ แผนผังวัตถุอิสระในข้อใดเขียนไม่ครบถ้วน,none,none,none,ไม่มีข้อถูก,none,3,q38.png,a38.png,b38.png,c38.png,none,none
39,แผ่นดิสค์แบบเรียบลื่น(Smooth disk) มีน้ำหนัก 20 N ถูกยึดด้วยหมุดที่จุด D ดังรูป ถ้าไม่คิดน้ำหนักของชิ้นส่วนอื่นๆ แผนผังวัตถุอิสระในข้อใดเขียนไม่ครบถ้วน,none,none,none,ไม่มีข้อถูก,none,3,q39.png,a39.png,b39.png,c39.png,none,none
40,สำหรับโครงกรอบ (Frame)มวลเบา ที่ให้มาดังรูป เมื่อไม่คิดน้ำหนักของรอกและโครงกรอบแผนผังวัตถุอิสระในข้อใดเขียนไม่ครบถ้วน,none,none,none,ไม่มีข้อถูก,none,2,q40.png,a40.png,b40.png,c40.png,none,none
41,สำหรับโครงกรอบ (Frame)มวลเบา ที่ให้มาดังรูป เมื่อไม่คิดน้ำหนักของรอกและโครงกรอบแผนผังวัตถุอิสระในข้อใดเขียนไม่ครบถ้วน,none,none,none,ไม่มีข้อถูก,none,4,q41.png,a41.png,b41.png,c41.png,none,none
42,สำหรับคานเบาและบางภายใต้แรงกระทำดังรูป จงพิจารณาหาแรงปฏิกิริยาที่จุด A,40kN,60kN,80kN,100kN,none,3,q42.png,none,none,none,none,none
43,สำหรับคานเบาและบางภายใต้แรงกระทำดังรูป จงพิจารณาหาแรงปฏิกิริยาที่จุด C,40kN,60kN,80kN,100kN,none,1,q43.png,none,none,none,none,none
44,สำหรับคานเบาและบางภายใต้แรงกระทำดังรูป จงพิจารณาหาแรงปฏิกิริยาที่จุด B,14kN,28kN,23kN,46kN,none,3,q44.png,none,none,none,none,none
45,สำหรับคานเบาและบางภายใต้แรงกระทำดังรูป จงพิจารณาหาแรงปฏิกิริยาที่จุด D,14kN,28kN,23kN,46kN,none,1,q45.png,none,none,none,none,none
46,สำหรับคานเบาและบางภายใต้การกระทำของโมเมนต์ T ดังรูป จงพิจารณาหาแรงปฏิกิริยาที่จุด C,none,none,none,none,none,1,q46.png,a46.png,b46.png,c46.png,d46.png,none
47,ประโยคที่ 1 - แรงสามแรงในระบบซึ่งสมดุลอยู่ในระนาบหนึ่ง ถ้าแรงทั้งสามมีขนาดเท่ากัน แรงแต่ละแรงจะทำมุมกัน 60 องศา ประโยคที่ 2  แรงสองแรงกระทำต่อวัตถุและอยู่ในสมดุล แรงทั้งสองจะมีขนาดเท่ากันแต่ทิศตรงกันข้าม,ประโยค 1 และประโยค 2 ถูกหมด,ประโยค 1 ถูก และประโยค 2 ผิด,ประโยค 1 ผิด และประโยค 2 ถูก,ประโยค 1 และประโยค 2 ผิดหมด,none,1,none,none,none,none,none,none
48,ประโยคที่ 1 - แรงสามแรงในระบบซึ่งสมดุลอยู่ในระนาบหนึ่ง ถ้าแรงทั้งสามมีขนาดเท่ากัน แรงแต่ละแรงจะทำมุมกัน 60 องศา    ประโยคที่ 2  แรงสามแรงกระทำต่ออนุภาคบนระนาบหนึ่ง และอยู่ในสมดุล แรงสามแรงนี้จะมีขนาดเท่ากัน ข้อใดถูกต้องที่สุด,ประโยค 1 และประโยค 2 ถูกหมด,ประโยค 1 ถูก และประโยค 2 ผิด,ประโยค 1 ผิด และประโยค 2 ถูก,ประโยค 1 และประโยค 2 ผิดหมด,none,2,none,none,none,none,none,none
49,ประโยคที่ 1 แรงสามแรงในระบบซึ่งสมดุลอยู่ในระนาบหนึ่ง ถ้าแรงทั้งสามมีขนาดเท่ากัน แรงแต่ละแรงจะทำมุมกัน 60 องศา    ประโยคที่ 2 แรงสองแรงกระทำต่อวัตถุและอยู่ในสมดุล แรงทั้งสองจะมีขนาดเท่ากันแต่ทิศตรงกันข้าม    ประโยคที่ 3 แรงสามแรงกระทำต่ออนุภาคบนระนาบหนึ่ง และอยู่ในสมดุล แรงสามแรงนี้จะมีขนาดเท่ากัน,ประโยคทั้ง 3 ถูกต้อง,ประโยคทั้ง 3 ผิด,มีประโยคถูก 2 ประโยค,มีประโยคผิด 2 ประโยค,none,3,none,none,none,none,none,none
50,แรงปฏิกิริยาที่จุดสัมผัสดังภาพ ต้องมีการสมมติแรงที่จุดสัมผัสกี่แรง,"2 แรง , 2 แรง","1 แรง , 2 แรง","1 แรง , 1 แรง","2 แรง , 1 แรง",none,3,q50.png,none,none,none,none,none
51,แรงปฏิกิริยาที่จุดสัมผัสดังภาพ ต้องมีการสมมติแรงที่จุดสัมผัสกี่แรง,"2 แรง , 2 แรง","1 แรง , 2 แรง","1 แรง , 1 แรง","2 แรง , 1 แรง",none,2,q51.png,none,none,none,none,none
52,แรงปฏิกิริยาที่จุดสัมผัสดังภาพ ต้องมีการสมมติแรงที่จุดสัมผัสกี่แรง,"2 แรง , 2 แรง","1 แรง , 2 แรง","1 แรง , 1 แรง","2 แรง , 1 แรง",none,4,q52.png,none,none,none,none,none
53,แรงปฏิกิริยาที่จุดสัมผัสดังภาพ ต้องมีการสมมติแรงที่จุดสัมผัสกี่แรง,"2 แรง , 2 แรง","1 แรง , 2 แรง","1 แรง , 1 แรง","2 แรง , 1 แรง",none,2,q53.png,none,none,none,none,none
54,ผังวัตถุอิสระของมวล A มีกี่แรง ถ้าไม่คิดสัมประสิทธิ์แรงเสียดทาน,1,3,5,7,none,2,q54.png,none,none,none,none,none
55,ข้อความที่ 1 - ชิ้นส่วน AB อยู่ภายใต้แรงดึง  ข้อความที่ 2 – ชื้นส่วน AB จัดเป็น Two-Force Member  ข้อใดถูกต้อง,ข้อความ 1 และ 2 ถูกต้อง,ข้อความ 1 ถูก ข้อความ 2 ผิด,ข้อความ 1 และ 2 ผิด,ข้อความ 1 ผิด ข้อความ 2 ถูก,none,1,q55.png,none,none,none,none,none
56,อิสระของคาน AB ที่ถูกหลัก จะประกอบด้วยอะไรบ้าง,แรง 4 แรง,แรง 5 แรง โมเมนต์ 1 โมเมนต์,แรง 6 แรง,แรง 6 แรง โมเมนต์ 1 โมเมนต์,none,4,q56.png,none,none,none,none,none
57,ข้อใดไม่ถูกต้อง,ชิ้นส่วน AB เป็น Two-Force Member,แรงปฏิกิริยาลัพธ์ของจุด A ทำมุม 45 องศา กับแนวราบ,ชิ้นส่วน AB อยู่ภายใต้แรงกด,ชิ้นส่วน AB อยู่ภายใต้แรงดึง,none,4,q57.png,none,none,none,none,none
58,ในการเขียนผังวัตถุอิสระ (FBD) ของ AB ที่ถูกหลัก จะมีแรงกระทำกี่แรง,2 แรง,3 แรง,4 แรง,มากกว่า 5 แรง,none,3,q58.png,none,none,none,none,none
59,ก้าน BC มีน้ำหนัก W ผูกติดกับเชือกที่จุด C และทุกจุดสัมผัส มีสัมประสิทธิ์แรงเสียดทาน ? ผังวัตถุอิสระ (FBD) ของก้าน BC ที่ถูกหลัก จะมีแรงกระทำกี่แรง,4 แรง,5 แรง,6 แรง,7 แรง,none,3,q59.png,none,none,none,none,none
60,ผังวัตถุอิสระของคาน AD ที่ถูกหลัก จะต้องเขียนแรงทั้งหมดกี่แรง,4 แรง,5 แรง,6 แรง,7 แรง,none,2,q60.png,none,none,none,none,none
61,ผังวัตถุอิสระ (FBD) ของคานตามรูป ถ้าเขียนถูกหลักจะมีแรงทั้งหมดกี่แรง,5 แรง,6 แรง,:  6 แรง 1 โมเมนต์,6 แรง 3 โมเมนต์,none,2,q61.png,none,none,none,none,none
62,ข้อใดไม่ถูกต้อง,แรงปฏิกิริยาที่จุด B จะมากกว่าแรงปฏิกิริยาที่จุด A,แรงปฏิกิริยาที่จุด B และจุด A มีขนาดเท่ากัน,แรงปฏิกิริยาที่จุด B และจุด A มีเฉพาะองค์ประกอบในแนวดิ่ง,สมการโมเมนต์จำเป็นต้องใช้ในการหาแรงปฏิกิริยาที่จุด A และจุด B,none,2,q62.png,none,none,none,none,none
63,มุมเท่าใดที่ทำให้แรงคงที่ F สร้างโมเมนต์รอบจุด O ได้สูงสุด,none,none,none,none,none,3,q63.png,a63.png,b63.png,c63.png,d63.png,none
64,แรงกระทำที่จุด E หาได้จากสมการใด,none,none,none,none,none,4,q64.png,a64.png,b64.png,c64.png,d64.png,none
65,เมื่อใช้สมการหาโมเมนต์รอบจุด E จะสามารถหาค่าอะไรได้,แรงปฏิกิริยาที่จุด E,แรงปฏิกิริยาที่จุด F,แรงปฏิกิริยาที่จุด F ในแนว x,แรงปฏิกิริยาที่จุด F ในแนว y,none,4,q65.png,none,none,none,none,none
66,ผังวัตถุอิสระของท่อที่ถูกแรงดึง F บนพื้นติดมุมตามรูป จะต้องเขียนแรงทั้งหมดกี่แรงในผังวัตถุอิสระนี้ (คิดมวลของท่อด้วย),3,4,5,6,none,2,q66.png,none,none,none,none,none
67,แรงปฏิกิริยาที่จุด O มีค่าเท่าใด,none,none,none,none,none,3,q67.png,a67.png,b67.png,c67.png,d67.png,none
68,โครง OAB ติดตั้งลักษณะตามรูป มีแรง F กระทำที่จุด A และน้ำหนัก Wa และ Wb ที่แต่ละช่วงของโครงผังวัตถุอิสระของโครง OAB นี้ ต้องเขียนแรงทั้งหมดกี่แรง,3 แรง,4 แรง ,6 แรง,7 แรง,none,3,q68.png,none,none,none,none,none
69,"แรงปฏิกิริยาที่จุด B สามารถหาได้จากสมการใด เพียงสมการเดียว (ถ้าหากทราบ Wa , Wb , F)",none,none,none,none,none,3,q69.png,a69.png,b69.png,c69.png,d69.png,none
70,ข้อใดไม่ถูกต้อง,แรงกระทำที่จุด A และ H ต้องสมมติรวม 3 แรง,แรงกระทำที่จุด A ในแนวราบเป็นศูนย์,แรงกระทำที่จุด H สามารถหาได้จากโมเมนต์รอบจุด A เท่ากับศูนย์,แรงกระทำที่จุด A ในแนวดิ่งเป็นศูนย์,none,4,q70.png,none,none,none,none,none
71,แรงปฏิกิริยาที่จุด C มีค่าเท่าใด,1 kN,2 kN,3 kN,none,none,1,q71.png,none,none,none,d71.png,none
72,แรงปฏิกิริยาที่จุด C มีค่าเท่าใด,2 kN,2 kN,3 kN,none,none,1,q72.png,none,none,none,d72.png,none
73,ข้อใดไม่ถูกต้อง,จุด B ไม่มีแรงกระทำในแนวดิ่ง,แรงกระทำที่จุด B เท่ากับ แรงกระทำที่จุด C,ที่จุด B เกิดแรงกด แต่ที่จุด C จะเกิดแรงดึง,ผิดทุกข้อ,none,4,q73.png,none,none,none,none,none
74,จากระบบที่ให้มา ที่จุด A มีแรง P กระทำ โดยทำมุม 20 องศากับแนวระดับ และมีแรง ขนาด 425 N ทำมุม 30 องศา ดังแสดงในรูป ถ้าแรงลัพธ์ ( R ) เนื่องจากแรงทั้งสองอยู่ใน แนวดิ่ง จงพิจารณาว่าข้อใดไม่ถูกต้อง,none,none,none,R = 392N,none,4,q74.png,a74.png,b74.png,c74.png,none,none
75,ระบบแรงที่กระทำต่อคานในข้อใดไม่เทียบเท่าข้ออื่น,none,none,none,none,none,3,none,a75.png,b75.png,c75.png,d75.png,none
76,พิจารณาข้อความต่อไปนี้   แรงลัพธ์ (Resultant Force) คือ การรวมแรงทั้งสองเข้าด้วยกัน เพื่อให้ ได้แรงเพียงแรงเดียว ซึ่งจะให้แนวการกระทำเช่นเดียวกันกับผลกระทำที่ได้จากแรง เดิมทั้ง 2 เวกเตอร์,ข้อความยังไม่ถูกต้องสมบูรณ์ที่ถูกต้องคือ แรงลัพธ์ (Resultant Force) คือ การรวมแรงทั้งสอง เข้าด้วยกัน เพื่อให้ได้แรงเพียง แรงเดียว ซึ่งจะให้แนวการกระทำคล้ายคลึงกันกับผลกระทำที่ได้จากแรงเดิมทั้ง 2 เวกเตอร์,ข้อความยังไม่ถูกต้องสมบูรณ์ที่ถูกต้องคือ แรงลัพธ์ (Resultant Force) คือ การรวมแรงทั้งสอง(หรือมากกว่า) เข้าด้วยกัน เพื่อให้ได้แรงเพียงแรงเดียว ซึ่งจะให้แนวการกระทำคล้ายคลึงกันกับผลกระทำที่ได้ จากกลุ่มแรงเดิม,ข้อความยังไม่ถูกต้องสมบูรณ์ที่ถูกต้องคือ แรงลัพธ์ (Resultant Force) คือ การรวมแรงทั้งสอง(หรือมากกว่า) เข้าด้วยกัน เพื่อให้ได้แรงเพียงแรงเดียว ซึ่งจะให้แนวการกระทำเช่นเดียวกันกับผลกระทำที่ได้ จากกลุ่มแรงเดิม,ข้อความถูกต้องดีแล้ว,none,3,none,none,none,none,none,none
77,ข้อใดไม่ใช่ระบบแรงที่มีผลลัพธ์ของระบบแรงลัพธ์เดี่ยว,ระบบแรงที่พบกันที่จุดเดียว (Concurrent force system ),ระบบแรงบนระนาบเดียวกัน (Coplanar force system),ระบบแรงขนานกัน (Parallel force system),ระบบแรงแบบผสม (Mixing force system),none,4,none,none,none,none,none,none
78,เสาโทรศัพท์มีเส้นเชือก BD ยึดดังแสดงในรูป ถ้าแรงย่อยของแรงในเส้นเชือก BD ในแนว AC มีค่า 180 N ข้อใดถูกต้อง,แรงในเส้นเชือก BD มีค่าเป็นครึ่งหนึ่งของแรงย่อยในแนว AC,แรงย่อยของแรงในเส้นเชือก BD ในแนว CD มีค่ามากกว่า แรงย่อยในแนว AC,แรงย่อยของแรงในเส้นเชือก BD ในแนว CD มีค่า 104 N,แรงในเส้นเชือก BD มีค่า 156 N,none,3,q78.png,none,none,none,none,none
79,พิจารณาแผ่นบางกลมในระนาบดังรูป ซึ่งมีเส้นเชือก 3 เส้นยึดติดกันที่จุด D โดยที่เชือกแต่ละเส้นทำมุม 30? กับแนวดิ่ง ถ้าขนาดแรงในเส้นเชือก CD มีค่า 100 N จงพิจารณาหาเวกเตอร์ของแรงดังกล่าว,F=100(-sin30cos60i-cos30j+sin30sin60k),F=100(sin30cos60i+cos30j+sin30sin60k),F=100(sin30cos60i-cos30j-sin30sin60k),F=100(-sin30cos60i+cos30j+sin30sin60k),none,4,q79.png,none,none,none,none,none
80,เราสามารถแตกแรง F = 100 N เป็นส่วนประกอบของแรงตามแกนต่างๆ จงบอกขนาดของส่วนประกอบของแรงในแกน x-y',ขนาดของส่วนประกอบของแรงในแกน x = 70.7 N ขนาดของส่วนประกอบของแรงในแกน y’ = 0 N,ขนาดของส่วนประกอบของแรงในแกน x = 141 N ขนาดของส่วนประกอบของแรงในแกน y’ = 100 N,ขนาดของส่วนประกอบของแรงในแกน x = 70.7 N ขนาดของส่วนประกอบของแรงในแกน y’ = 70.7 N,ขนาดของส่วนประกอบของแรงในแกน x = 70.7 N ขนาดของส่วนประกอบของแรงในแกน y’ = 141 N,none,2,q80.png,none,none,none,none,none
81,ระบบแรงบนกล่องทรงลูกบาศก์ในข้อใดไม่เทียบเท่าข้อ อื่น,none,none,none,none,none,4,none,a81.png,b81.png,c81.png,d81.png,none
82,จงคำนวณหาขนาดของ องค์ประกอบของแรง 80 N ในแนว u,none,none,none,none,none,2,q82.png,a82.png,b82.png,c82.png,d82.png,none
83,ถ้ามวล M=1000kg ใช้ g=10m/s2 แรงสมมูล (Equivalent Force System) ที่จุด A เท่ากับข้อใด,none,none,none,none,none,1,q83.png,a83.png,b83.png,c83.png,d83.png,none
84,ถ้ามวล M=1000kg ใช้ g=10m/s2 แรงสมมูล (Equivalent Force System) ที่จุด B เท่ากับข้อใด,none,none,none,none,none,1,q84.png,a84.png,b84.png,c84.png,d84.png,none
85,แรงลัพธ์ของแรง F1 และ F2 ที่กระทำต่อหมุดเท่ากับเท่าไร,none,none,none,none,none,1,q85.png,a85.png,b85.png,c85.png,d85.png,none
86,แรงลัพธ์ของแรง F1 และ F2 ที่กระทำต่อหมุดในองค์ประกอบ X เท่ากับเท่าไร,13 N,300 N,200 N,123 N,none,4,q86.png,none,none,none,none,none
87,แรงลัพธ์ของแรง F1 และ F2 ที่กระทำต่อหมุดในองค์ประกอบ Y เท่ากับเท่าไร,100 N,174 N,200 N,250 N,none,2,q87.png,none,none,none,none,none
88,แรงลัพธ์ของ F1 F2 F3 ในองค์ประกอบของแกน Y เท่ากับ เท่าไร,none,none,none,none,none,4,q88.png,a88.png,b88.png,c88.png,d88.png,none
89,แรงลัพธ์ของ F1 F2 F3 ในองค์ประกอบของแกน X เท่ากับ เท่าไร,none,none,none,none,none,2,q89.png,a89.png,b89.png,c89.png,d89.png,none
90,เสาถูกดึงด้วยแรง T และแรงขนาด 600 N ดังแสดงในรูป ถ้าแรงลัพธ์ของแรงทั้งสองมีค่า 1200 N ทิศพุ่งขึ้นในแนวดิ่ง จงพิจาณาหาแรงตึง T,644 N,744 N,464 N,476 N,none,2,q90.png,none,none,none,none,none
91,เสาถูกดึงด้วยแรง T และแรงขนาด 600 N ดังแสดงในรูป ถ้าแรงลัพธ์ของแรงทั้งสองมีค่า 1200 N ทิศพุ่งขึ้นในแนวดิ่ง จงพิจาณาหามุมจากรูป,32.8 องศา,23.8 องศา,42.8 องศา,24.8 องศา,none,2,q91.png,none,none,none,none,none
92,จากระบบแรงที่ให้มา ให้หาขนาดของแรงลัพธ์,25.1 kN,35.1 kN,26.8 kN,36.8 kN,none,1,q92.png,none,none,none,none,none
93,จากระบบแรงที่ให้มา ให้หาขนาดของแรง F  ที่ทำให้แรงลัพธ์มีขนาดน้อยที่สุดที่เป็นไปได้,5.96 kN,15.10 kN,6.80 kN,3.80 kN,none,1,q93.png,none,none,none,none,none
94,"แรงตึงสูงสุดของเชือก AC เท่ากับ 1,300 N และ แรงตึงสูงสุดของเชือก BC เท่ากับ 650 N จากรูปแรง P จะมีค่าเท่าใด",500 N,"1,000 N","1,400 N","1,800 N",none,3,q94.png,none,none,none,none,none
95,"แรงตึงสูงสุดของเชือก AC และ BC เท่ากับ 1,300 N และ 650 N ตามลำดับ แรง P สามารถหาได้จากสมการใด",none,none,none,none,none,2,q95.png,a95.png,b95.png,c95.png,d95.png,none
96,"แรงตึงสูงสุดของเชือก AC และ BC เท่ากับ 1,300 N และ 650 N ตามลำดับ ถ้าทราบว่าแรง P เท่ากับ 1,400 N มุมในรูปมีค่าเท่าใด",45 องศา,58 องศา,90 องศา,120 องศา,none,2,q96.png,none,none,none,none,none
97,ข้อใดไม่ถูกต้อง,ชิ้นส่วน BC อยู่ภายใต้แรงกด,ชิ้นส่วน BC อยู่ภายใต้แรงดึง,ชิ้นส่วน BC เป็น Two-Force member ,ชิ้นส่วน AC ไม่เป็น Two-Force member,none,2,q97.png,none,none,none,none,none
98,ข้อใด ไม่ใช่ หน่วยของ โมเมนต์,kN-m,kg-m,N-m,เป็นหน่วยของโมเมนต์ ทุกข้อ,none,2,none,none,none,none,none,none
99,ให้พิจารณาข้อความต่อไปนี้ 1) แรงคู่ควบเกิดขึ้น เมื่อแรงสองแรงที่มีขนาดเท่ากันและทิศทางเดียวกัน 2) โมเมนต์ เป็นผลคูณของขนาดของแรง และระยะทางตั้งฉากจากจุดหมุนถึงแนวกระทำของแรง 3) แรงคู่ควบ เป็น เวกเตอร์อิสระ (free vector),ข้อ 1) ถูก ข้อ 2) และ ข้อ 3) ผิด,ข้อ 2) ถูก ข้อ 1) และ ข้อ 3) ผิด,ข้อ 1) ผิด ข้อ 2) และ ข้อ 3) ถูก ,ข้อ 1) ข้อ 2) และ ข้อ 3) ถูกหมด,none,3,none,none,none,none,none,none
100,จากรูปจงหามุมที่ทำให้โมเมนต์ของแรง F รอบจุด A มีค่ามากที่สุด,none,none,none,none,none,3,q100.png,a100.png,b100.png,c100.png,d100.png,none
101,แรง ขนาด 1000 N กระทำที่ปลายของคานดังแสดงในรูป จงพิจารณาหาโมเมนต์รอบแกน z,60Nm,120Nm,100Nm,120Nm,none,3,q101.png,none,none,none,none,none
102,none,none,none,none,none,none,2,q102.png,a102.png,b102.png,c102.png,d102.png,none
103,ถ้ามวล M=1000kg ใช้ g=10m/s2 ที่จุด B จะเกิดโมเมนต์ เนื่องจากมวล M อย่างไร,12 kN.m ทวนเข็มนาฬิกา,120 kN.m ทวนเข็มนาฬิกา,12 kN.m ตามเข็มนาฬิกา,120 kN.m ตามเข็มนาฬิกา,none,2,q103.png,none,none,none,none,none
104,โมเมนต์ของแรง 100 N รอบจุด A มีค่า เท่าใด,100 Nm,200 Nm,300 Nm,173 Nm,none,1,q104.png,none,none,none,none,none
105,จงหาค่ามุมที่ทำให้โมเมนต์เนื่องจากแรง 40 N รอบจุด A มีค่าสูงสุด,14 องศา,76 องศา,166 องศา,104 องศา,none,2,q105.png,none,none,none,none,none
106,จงหาค่าของมุมที่ทำให้โมเมนต์เนื่องจากแรง 40 N รอบจุด A มีค่าน้อยที่สุด,14 องศา,76 องศา,166 องศา,104 องศา,none,3,q106.png,none,none,none,none,none
107,จงหาค่าโมเมนต์เนื่องจากแรง 40 N รอบจุด A ที่มีค่าสูงสุดที่เป็นไปได้,320 Nm,330 Nm,400 Nm,420 Nm,none,2,q107.png,none,none,none,none,none
108,จากรูปถ้าถ้าเวกเตอร์ของแรงกระทำที่ปลายคานที่จุด B ดังรูป จงหาโมเมนต์รอบจุด A,none,none,none,none,none,4,q108.png,a108.png,b108.png,c108.png,d108.png,none
109,จากรูปถ้าเวกเตอร์ของแรงกระทำที่ปลายคานที่จุด B ดังรูป จงหาโมเมนต์รอบจุด O,none,none,none,none,none,3,q109.png,a109.png,b109.png,c109.png,d109.png,none
110,โมเมนต์ลัพธ์ของเกียร์ (Gear Box) นี้เท่ากับเท่าใด,none,none,none,ไม่มีข้อถูก,none,2,q110.png,a110.png,b110.png,c110.png,none,none
111,โมเมนต์รอบจุด A มีค่าเท่าไร,none,none,none,none,none,2,q111.png,a111.png,b111.png,c111.png,d111.png,none
112,โมเมนต์รอบจุด O มีค่าเท่ากับข้อใด,none,none,none,none,none,3,q112.png,a112.png,b112.png,c112.png,d112.png,none
113,โมเมนต์รอบจุด C มีค่าเท่ากับข้อใด,2 kN.m ทวนเข็มนาฬิกา,3 kN.m ทวนเข็มนาฬิกา,6 kN.m ตามเข็มนาฬิกา,11 kN.m ตามเข็มนาฬิกา,none,2,q113.png,none,none,none,none,none
114,แรง F ที่กระทำที่จุด A และ B มิทิศทางของแรงตรงกันข้าม จงหาขนาดของโมเมนต์รอบจุด O,2F(150sin60?),2F(150cos60?),2F(150),0,none,1,q114.png,none,none,none,none,none
115,โมเมนต์รอบจุด O เท่ากับข้อใด,none,none,none,none,none,2,q115.png,a115.png,b115.png,c115.png,d115.png,none
116,"ถ้าน้ำหนัก W = 100 N , Wb = 10 N โมเมนต์รอบจุด O มีค่าเท่าใด",0,100L,100(Lsin50๐) – 5(Lcos50๐),100(Lsin50๐) + 5(Lcos50๐),none,3,q116.png,none,none,none,none,none
117,โมเมนต์รอบจุด O มีขนาดเท่าใด,"1,200 N.m ","1,500 N.m","2,400 N.m","2,610 N.m",none,4,q117.png,none,none,none,none,none
118,โมเมนต์รอบจุด O มีค่าเท่าใด,none,none,none,none,none,3,q118.png,a118.png,b118.png,c118.png,d118.png,none
119,สำหรับคานมวลเบาที่มีภาวะแรงกระทำดังแสดงในรูป ถ้าทำการแทนแรงกระจายดังกล่าวด้วยแรงเพียงแรงเดียว แรงดังกล่าวจะมีค่าเท่าใดและกระทำที่จุดใด,none,none,none,none,none,1,q119.png,a119.png,b119.png,c119.png,d119.png,none
120,สำหรับคานมวลเบาที่มีภาวะแรงกระทำดังแสดงในรูป จงพิจารณาหาแรงปฏิกิริยาที่จุดรองรับ A,none,none,none,none,none,1,q120.png,a120.png,b120.png,c120.png,d120.png,none
121,จากรูปสำหรับคานมวลเบาที่มีภาวะแรงกระทำดังแสดงในรูป จงพิจารณาหาแรงปฏิกิริยาที่จุดรองรับ B ,none,none,none,none,none,2,q121.png,a121.png,b121.png,c121.png,d121.png,none
122,จากรูปสำหรับคานมวลเบาที่มีภาวะแรงกระทำดังแสดงในรูป จงพิจารณาหาแรงปฏิกิริยาที่จุดรองรับ C ,none,none,none,none,none,1,q122.png,a122.png,b122.png,c122.png,d122.png,none
123,สำหรับคานมวลเบาที่มีภาวะแรงกระทำดังแสดงในรูป จงพิจารณาหาแรงปฏิกิริยาที่จุดรองรับ D,none,none,none,ไม่มีข้อถูก,none,2,q123.png,a123.png,b123.png,c123.png,none,none
124,สำหรับคานมวลเบาที่มีภาวะแรงกระทำดังแสดงในรูป แรงเฉือนที่จุดรองรับ C มีค่าเท่าใด,none,none,none,none,none,3,q124.png,a124.png,b124.png,c124.png,d124.png,none
125,สำหรับคานมวลเบาที่มีภาวะแรงกระทำดังแสดงในรูป โมเมนต์ดัดที่จุดรองรับ C มีค่าเท่าใด,none,none,none,none,none,1,q125.png,a125.png,b125.png,c125.png,d125.png,none
126,สำหรับคานมวลเบาที่มีภาวะแรงกระทำดังแสดงในรูป แรงปฏิกิริยาที่จุดรองรับ A มีค่าเท่าใด,none,none,none,none,none,2,q126.png,a126.png,b126.png,c126.png,d126.png,none
127,ข้อใดถูกต้องเกี่ยวกับขนาดของแรงลัพธ์ที่กระทำต่อคานและตำแหน่งของแรงลัพธ์นั้น,none,none,none,none,none,3,q127.png,a127.png,b127.png,c127.png,d127.png,none
128,เรียกแรงในชิ้นส่วน BC ว่า FBC เป็นแรงดึงในสภาวะสมดุล สมการโมเมนต์รอบจุด A เท่ากับข้อใด ถ้าให้ทิศทวนเข็มนาฬิกาเป็นบวก,none,none,none,none,none,1,q128.png,a128.png,b128.png,c128.png,d128.png,none
129,จากรูป ข้อใดไม่ถูกต้อง,แรงกระจายที่กระทำมีขนาดรวม 150 N,แรงปฏิกิริยาที่ B อยู่ในแนวเดียวกับแรงลัพธ์ของแรงกระจาย,แรงปฏิกิริยาในแนวราบที่จุด A เป็นศูนย์,แรงปฏิกิริยาที่จุด B เป็นศูนย์,none,4,q129.png,none,none,none,none,none
130,ขนาดและตำแหน่งของแรงกระจายที่กระทำต่อคาน ABCD ตรงกับข้อใด,"1,800 N , 2 m จากจุด A / 400 N , 2 m จากจุด D","1,800 N , 4 m จากจุด A / 400 N , 2 m จากจุด D","900 N , 2 m จากจุด A / 400 N , 2 m จากจุด D","900 N , 2 m จากจุด A / 200 N , 2 m จากจุด D",none,3,q130.png,none,none,none,none,none
131,ในการหาแรงตึงเชือก สมการที่สามารถหาแรงตึงเชือกได้อย่างถูกต้อง ในสมการเดียว คือข้อใด,none,none,none,none,none,4,q131.png,a131.png,b131.png,c131.png,d131.png,none
132,ในการหาแรงตึงเชือก (T) สมการใดแก้ปัญหาได้รวดเร็วและเหมาะสมที่สุด ให้แรงปฏิกิริยาที่ C เป็น Cx และ Cy,none,none,none,ข้อ ก. และ ข.,none,3,q132.png,a132.png,b132.png,c132.png,none,none
133,แรงปฏิกิริยาที่จุด B หาได้จากสมการใด,none,none,none,ไม่มีข้อถูก,none,2,q133.png,a133.png,b133.png,c133.png,none,none
134,จากรูปพื้นที่ดังแสดงในรูป คำกล่าวข้อใด ไม่ถูกต้อง,พิกัดของจุดเซ็นทรอยด์ทางด้านแกน x : x = 0.83 m,พิกัดของจุดเซ็นทรอยด์ทางด้านแกน y : y = 1.3 m,พื้นที่ทั้งหมด A=5.43 m2,พิกัดของจุดเซ็นทรอยด์ทางด้านแกน x มีค่าเป็นครึ่งหนึ่งของพิกัดของจุดเซ็น ทรอยด์ทางด้านแกน y,none,2,q134.png,none,none,none,none,none
135,ผูกเชือกแขวนแผ่นอลูมิเนียมรูปสี่เหลี่ยมคางหมูที่มีขนาดความหนาเท่ากันทั้งแผ่นเท่ากับ 1 mm อลูมิเนียมมี ความหนาแน่นเท่ากับ 0.06 kg/cm3 ต้องผูกเชือกที่ระยะ x เท่าใด แผ่นอลูมิเนียมจะสามารถแขวนอยู่ในสภาพ สมดุล โดยที่ขอบด้านบนของแผ่นอลูมิเนียมวางตัวขนานกับพื้นโลก,50 cm,60 cm,70 cm,80 cm,none,3,q135.png,none,none,none,none,none
136,ให้พิจารณาข้อความต่อไปนี้ จุดศูนย์กลางมวล (Center of mass) หรือจุดศูนย์กลางความโน้มถ่วง (Center of gravity) คือจุดศูนย์รวมของแรงดึงดูดของโลกที่กระทำต่อวัตถุ จุดเซนทรอยด์ (Centroid) คือ จุดศูนย์กลางของรูปทรง ในกรณีที่วัตถุมีความ หนาแน่นเท่ากันในทุกส่วนของวัถตุ จุดศูนย์กลางมวลและจุดเซนทรอยด์จะเป็นจุด เดียวกัน,ข้อความยังไม่ถูกต้องที่ถูกต้องคือ จุดศูนย์กลางมวล (Center of mass) หรือจุดศูนย์กลางความโน้มถ่วง (Center of gravity) คือจุดศูนย์รวมที่ความหนาแน่นของวัตถุมีมากที่สุด จุดเซนทรอยด์ (Centroid) คือ จุดศูนย์กลางของรูปทรง ในกรณีที่วัตถุมีความ หนาแน่นเท่ากันในทุกส่วนของวัถตุ จุดศูนย์กลางมวลและจุดเซนทรอยด์จะเป็นจุด เดียวกัน,ข้อความยังไม่ถูกต้องที่ถูกต้องคือ จุดศูนย์กลางมวล (Center of mass) หรือจุดศูนย์กลางความโน้มถ่วง (Center of gravity) คือจุดศูนย์รวมของแรงดึงดูดของโลกที่กระทำต่อวัตถุ จุดเซนทรอยด์ (Centroid) คือ จุดศูนย์กลางของมวล ในกรณีที่วัตถุมีความหนาแน่น เท่ากันในทุกส่วนของวัถตุ จุดศูนย์กลางมวลและจุดเซนทรอยด์จะเป็นจุดเดียวกัน,ข้อความยังไม่ถูกต้องที่ถูกต้องคือจุดศูนย์กลางมวล (Center of mass) หรือจุดศูนย์กลางความโน้มถ่วง (Center of gravity) คือจุดศูนย์รวมของแรงดึงดูดไม่มีผลต่อวัตถุ ,ข้อความถูกต้องดีแล้ว,none,4,none,none,none,none,none,none
137,"จงหาพิกัด (x,y) ของจุดศูนย์กลาง (Centroid) ของรูปสี่เหลี่ยมคางหมู","(5, 2.33)","(5, 2.57)","(5, 2.67)","(5, 3.00)",none,2,q137.png,none,none,none,none,none
138,เส้นลวด ABCD มีเนื้อวัสดุสม่ำเสมอถูกดัดงอและยึดที่จุด C ดังแสดงในรูป จงพิจารณาหาความยาว L ของส่วน CD ซึ่งทำให้ส่วน BCD ของเส้นลวดอยู่ในแนวระดับพอดี,10 m,12 m,14 m,16 m,none,2,q138.png,none,none,none,none,none
139,ระยะจุดศูนย์กลางของรูปทรง จากฐานของหน้าตัดรูปตัวไอปีกไม่เท่ากันในแนวดิ่ง ดังในรูปมีค่าเป็นเท่าใด?,51.24 mm,51.54 mm,51.84 mm,52.14 mm ,none,2,q139.png,none,none,none,none,none
140,จงพิจารณาหาพิกัดของจุดเซ็นทรอยด์ ในแนวแกน x ของพื้นที่ดังแสดงในรูป,7.22 m,8.22 m,9.56 m,10.56 m,none,1,q140.png,none,none,none,none,none
141,จงพิจารณาหาพิกัดของจุดเซ็นทรอยด์ ในแนวแกน y ของพื้นที่ดังแสดงในรูป,7.22 mm,8.22 mm,9.56 mm,10.56 mm,none,3,q141.png,none,none,none,none,none
142,วัสดุผสมดังรูป ประกอบด้วยวัสดุ A  และวัสดุ B ที่มีค่าความหนาแน่น ดังรูป จงพิจารณาหาพิกัดของจุดศูนย์กลางมวล ทางด้านแกน x,0.284 m,0.268 m,0.147 m,0.340 m,none,3,q142.png,none,none,none,none,none
143,วัสดุผสมดังรูป ประกอบด้วยวัสดุ A  และวัสดุ B ที่มีค่าความหนาแน่น ดังรูป จงพิจารณาหาพิกัดของจุดศูนย์กลางมวล ทางด้านแกน y,0.284 m,0.268 m,0.147 m,0.340 m,none,2,q143.png,none,none,none,none,none
144,วัสดุผสมดังรูป ประกอบด้วยวัสดุ A  และวัสดุ B ที่มีค่าความหนาแน่น ดังรูป จงพิจารณาหาพิกัดของจุดศูนย์กลางมวล ทางด้านแกน Z,0.284 m,0.268 m,0.147 m,0.340 m,none,1,q144.png,none,none,none,none,none
145,ปริมาตรที่ได้จากการหมุนพื้นที่ครึ่งวงกลม รัศมี r ดังรูป รอบแกน x มีค่าเป็นเท่าใด,none,none,none,none,none,1,q145.png,a145.png,b145.png,c145.png,d145.png,none
146,"แพบรรทุกแพหนึ่งมีน้ำหนัก 50 tons มีจุดศูนย์กลางมวลที่ (50,12) บรรทุกสัมภาระมีน้ำหนัก 15 tons และมีจุดศูนย์กลางมวลของสัมภาระที่ (20,8) ดังรูป จงหาจุดศูนย์กลางมวลรวม",none,none,none,none,none,2,q146.png,a146.png,b146.png,c146.png,d146.png,none
147,ข้อใดไม่ถูกต้อง เกี่ยวกับการหาจุด centroid ของรูปทรงนี้,สามารถแบ่งการหาออกเป็น 3 ส่วนย่อยได้,สามารถแบ่งการหาออกเป็น 2 ส่วนย่อยได้,จุด Centroid อยู่ในบริเวณเนื้อวัตถุ,จุด Centroid ไม่อยู่ในบริเวณเนื้อวัตถุ ,none,3,q147.png,none,none,none,none,none
148,ข้อใดไม่ถูกต้อง เกี่ยวกับการหาจุด centroid ของวัตถุตามรูป,สามารถแบ่งการหาออกเป็น 2 ส่วนย่อยได้,สามารถแบ่งการหาออกเป็น 3 ส่วนย่อยได้,จุด Centroid อยู่ในบริเวณเนื้อวัตถุ,จุด Centroid ไม่อยู่ในบริเวณเนื้อวัตถุ,none,4,q148.png,none,none,none,none,none
149,รูปที่ให้มา ถ้าแทนระบบแรงดังกล่าวด้วย Equivalent Force-Couple System ที่จุด O ข้อใดกล่าวถูกต้อง,ขนาดแรงลัพธ์ที่จุด O มีค่า ,ขนาดแรงลัพธ์ที่จุด O มีค่า,ขนาดโมเมนต์ลัพธ์ที่จุด O มีค่า ,ขนาดโมเมนต์ลัพธ์ที่จุด O มีค่า ,none,1,q149.png,a149.png,b149.png,c149.png,d149.png,none
150,สำหรับรูปที่ให้มา ถ้าแทนระบบแรงดังกล่าวด้วย Equivalent Force-Couple System ที่จุด O ข้อใดกล่าวถูกต้อง,ขนาดแรงลัพธ์ที่จุด O มีค่า,ขนาดแรงลัพธ์ที่จุด O มีค่า,ขนาดโมเมนต์ลัพธ์ที่จุด O มีค่า ,ขนาดโมเมนต์ลัพธ์ที่จุด O มีค่า ,none,4,q150.png,a150.png,b150.png,c150.png,d150.png,none
151,สำหรับรูปที่ให้มา ถ้าแทนระบบแรงดังกล่าวด้วย Equivalent Force-Couple System ที่จุด O ข้อใดกล่าวถูกต้อง,ขนาดแรงลัพธ์ที่จุด O มีค่า 600 N,ขนาดแรงลัพธ์ที่จุด O มีค่า 400 N,ขนาดโมเมนต์ลัพธ์ที่จุด O มีค่า 24 Nm ,ขนาดโมเมนต์ลัพธ์ที่จุด O มีค่า 12 Nm,none,2,q151.png,none,none,none,none,none
152,สำหรับรูปที่ให้มา ถ้าแทนระบบแรงดังกล่าวด้วย Equivalent Force-Couple System ที่จุด O ข้อใดกล่าวถูกต้อง,ขนาดแรงลัพธ์ที่จุด O มีค่า 600 N,ขนาดแรงลัพธ์ที่จุด O มีค่า 800 N,ขนาดโมเมนต์ลัพธ์ที่จุด O มีค่า 24 Nm,ขนาดโมเมนต์ลัพธ์ที่จุด O มีค่า 84 Nm,none,4,q152.png,none,none,none,none,none
153,สำหรับรูปที่ให้มา ถ้าแทนระบบแรงดังกล่าวด้วย Equivalent Force-Couple System ที่จุด B ข้อใดกล่าวถูกต้อง,ขนาดแรงลัพธ์ที่จุด B มีค่า 600 N,ขนาดแรงลัพธ์ที่จุด B มีค่า 800 N ,ขนาดโมเมนต์ลัพธ์ที่จุด B มีค่า 24 Nm,ขนาดโมเมนต์ลัพธ์ที่จุด B มีค่า 84 Nm,none,3,q153.png,none,none,none,none,none
154,กล่องรูปลูกบาศก์มีความกว้างของด้าน a = 1 m มีแรงกระทำ ดังแสดงในรูป จงพิจารณาหาขนาดโมเมนต์รอบแกนAB,none,none,none,none,none,2,q154.png,a154.png,b154.png,c154.png,d154.png,none
155,กล่องรูปลูกบาศก์มีความกว้างของด้าน a = 1 m มีแรงกระทำ ดังแสดงในรูป จงพิจารณาหาขนาดโมเมนต์รอบแกนเส้นทแยงมุม AG,none,none,none,none,none,4,q155.png,a155.png,b155.png,c155.png,d155.png,none
156,คำกล่าวข้อใดไม่ถูกต้อง,ระบบแรงทุกชนิดสามารถลดรูปให้เหลือหนึ่งแรงลัพธ์(Resultant Force)และหนึ่งโมเมนต์คู่ควบลัพธ์ (Resultant Couple)ได้เสมอ,ระบบแรงที่กระทำที่จุดเดียวกัน สามารถลดรูปให้เหลือแรงลัพธ์เพียงแรงเดียวได้ ,ระบบแรงร่วมระนาบ(Coplanar Force) ไม่สามารถลดรูปให้เหลือแรงลัพธ์เพียงแรงเดียวได้ ,ระบบแรงขนาน(Parallel Force) สามารถลดรูปให้เหลือแรงลัพธ์เพียงแรงเดียวได้,none,3,none,none,none,none,none,none
157,สำหรับระบบแรงที่ให้มาดังรูป ถ้าทำการแทนระบบดังกล่าวด้วยแรงลัพธ์เพียงแรงเดียว แรงลัพธ์ดังกล่าวจะมีระยะห่างจากแกน x เป็นระยะเท่าใด,3 m,3.5m,4 m,4.5 m,none,1,q157.png,none,none,none,none,none
158,สำหรับระบบแรงที่ให้มาดังรูป ถ้าทำการแทนระบบดังกล่าวด้วยแรงลัพธ์เพียงแรงเดียว แรงลัพธ์ดังกล่าวจะมีระยะห่างจากแกน z เป็นระยะเท่าใด,4 m,3.5m,5 m,4.5 m,none,2,q158.png,none,none,none,none,none
159,จากระบบแรงที่ให้มาดังรูป จงพิจารณาหาค่าของโมเมนต์คู่ควบ (Couple),12Nm,24Nm,36Nm,48Nm,none,2,q159.png,none,none,none,none,none
160,ถ้าขนาดของโมเมนต์คู่ควบ (Couple) ของระบบแรงที่ให้มามีค่า 240 Nm จงพิจารณาหาขนาดของแรง F,1200N,2400Nm,3600Nm,4800Nm,none,1,q160.png,none,none,none,none,none
161,จงพิจารณาหาขนาดของโมเมนต์คู่ควบ (Couple) ของระบบแรงที่ให้มา,6.25Nm,18.3Nm,10.82Nm,7.5Nm,none,2,q161.png,none,none,none,none,none
162,ถ้าขนาดของโมเมนต์คู่ควบ (Couple) ของระบบแรงที่ให้มามีค่า 400 Nm จงพิจารณาหาขนาดของแรง F ที่กระทำต่อประแจ,992N,800N,1142N,571N,none,1,q162.png,none,none,none,none,none
163,จงพิจารณาหาขนาดของโมเมนต์คู่ควบ (Couple) ของระบบแรงที่กระทำต่อประแจที่ให้มาดังรูป,none,none,none,none,none,3,q163.png,a163.png,b163.png,c163.png,d163.png,none
164,จงพิจารณาหาขนาดของโมเมนต์คู่ควบ (Couple) ของระบบแรงที่กระทำต่อชิ้นส่วนเครื่องจักรกลที่ให้มาดังรูป,450Nm,390Nm,270Nm,180Nm,none,2,q164.png,none,none,none,none,none
165,สำหรับระบบแรงที่ให้มาดังรูป ถ้าทำการแทนระบบดังกล่าวด้วยแรงลัพธ์เพียงแรงเดียว แรงลัพธ์ดังกล่าวจะมีระยะห่างจากแกน x เป็นระยะเท่าใด,3m,3.5m,2m,2.5m,none,4,q165.png,none,none,none,none,none
166,สำหรับระบบแรงที่ให้มาดังรูป ถ้าทำการแทนระบบดังกล่าวด้วยแรงลัพธ์เพียงแรงเดียว แรงลัพธ์ดังกล่าวจะมีระยะห่างจากแกน y เป็นระยะเท่าใด,3m,3.5m,2m,2.5m,none,1,q166.png,none,none,none,none,none
167,สำหรับระบบแรงที่ให้มาดังรูป ถ้าทำการแทนระบบดังกล่าวด้วยแรงลัพธ์เพียงแรงเดียว แรงลัพธ์ดังกล่าวจะมีระยะห่างจากจุด B เป็นระยะเท่าใด,6.57m,7.43m,8.50m,5.50m,none,1,q167.png,none,none,none,none,none
168,สำหรับระบบแรงที่ให้มาดังรูป ถ้าทำการแทนระบบดังกล่าวด้วยแรงลัพธ์เพียงแรงเดียว แรงลัพธ์ดังกล่าวจะมีระยะห่างจากจุด A เป็นระยะเท่าใด,6.57m,7.43m,8.50m,5.50m,none,2,q168.png,none,none,none,none,none
169,เมื่อย้ายแรง 100 N ไปที่จุด A จะมีแรงสมมูลเท่ากับเท่าใด,none,none,none,none,none,1,q169.png,a169.png,b169.png,c169.png,d169.png,none
170,ระบบแรงสมมูลของแรง 500 N ที่จุด B เท่ากับข้อใด,none,none,none,none,none,1,q170.png,a170.png,b170.png,c170.png,d170.png,none
171,โมเมนต์ลัพธ์จากวัตถุดังกล่าวมีค่าเท่าใด,none,none,none,none,none,4,q171.png,a171.png,b171.png,c171.png,d171.png,none
172,แรงสมมูลที่จุด A จะเกิดแรงเท่าไร,none,none,none,none,none,2,q172.png,a172.png,b172.png,c172.png,d172.png,none
173,แรงสมมูลที่จุด A จะเกิดโมเมนต์เท่าไร,none,none,none,none,none,3,q173.png,a173.png,b173.png,c173.png,d173.png,none
174,แรงสมมูลที่จุด A เท่ากับข้อใด,none,none,none,none,none,3,q174.png,a174.png,b174.png,c174.png,d174.png,none
175,แรงสมมูลที่จุด B เท่ากับเท่าใด,none,none,none,none,none,2,q175.png,a175.png,b175.png,c175.png,d175.png,none
176,ข้อใดไม่ถูกต้อง,โมเมนต์ของแรงคู่ควบทั้งสองกรณีมีขนาดเท่ากัน,โมเมนต์ของแรงคู่ควบทั้งสองกรณีมีขนาดเท่ากับ 2 Fa,กรณี (A) โมเมนต์ของแรงคู่ควบ มีทิศทวนเข็มนาฬิกา,กรณี (B) โมเมนต์ของแรงคู่ควบ มีทิศตามเข็มนาฬิกา,none,2,q176.png,none,none,none,none,none
177,โมเมนต์ลัพธ์ของแรงคู่ควบที่เกิดขึ้นในรูปเท่ากับเท่าใด (N.m),none,none,none,none,none,2,q177.png,a177.png,b177.png,c177.png,d177.png,none
178,จากรูป แรงสมมูลที่จุด A มีค่าเท่าใด,none,none,none,none,none,4,q178.png,a178.png,b178.png,c178.png,d178.png,none
179,โมเมนต์รอบจุด O มีค่าเท่าใด เรียกแรงที่กระทำที่ล้อ B ว่า FB,none,none,none,none,none,1,q179.png,a179.png,b179.png,c179.png,d179.png,none
180,จากรูปจงหาโมเมนต์รอบจุด A,none,none,none,ไม่มีข้อถูก,none,2,q180.png,a180.png,b180.png,c180.png,none,none
181,ระบบแรงสมมูล 270 N ที่จุด F คือข้อใด,none,none,none,none,none,1,q181.png,a181.png,b181.png,c181.png,d181.png,none
182,เมื่อย้ายแรง 10 kN จากจุดกระทำไปที่จุด A จะเกิดแรงและโมเมนต์ตามข้อใด,none,none,none,none,none,3,q182.png,a182.png,b182.png,c182.png,d182.png,none
183,ระบบแรงสมมูลของแรง 600 N ที่จุด O เท่ากับข้อใด,none,none,none,none,none,3,q183.png,a183.png,b183.png,c183.png,d183.png,none
184,ระบบแรงสมมูลของแรง 400 N ที่จุด O เท่ากับข้อใด,none,none,none,none,none,4,q184.png,a184.png,b184.png,c184.png,d184.png,none
185,,,,,,,,,,,,,
186,,,,,,,,,,,,,
187,สปริงในรูปยุบตัวด้วยระยะเท่าไรที่สภาวะสมดุล,0.3 m,0.4 m,0.6 m,0.8 m,none,3,q187.png,none,none,none,none,none
188,ก้อนน้ำหนัก W ต้องมีน้ำหนักเท่าใด ระบบจึงจะสามารถอยู่ในสภาวะสมดุลดังรูป,25 N,30 N,35 N,40 N,none,2,q188.png,none,none,none,none,none
189,ลูกเหล็ก O ที่น้ำหนัก 1000 N ถูกแขวนไว้กับผนังด้วยเชือกที่ A และ B ดังรูป ถ้าเชือกควรรับน้ำหนักระหว่าง 200 - 2000 N ค่า L และ h ในข้อใดไม่เหมาะสม,"L = 5 m, h = 1.5 m","L = 5 m, h = 15 m","L = 6 m, h = 3 m",เหมาะสมทุกข้อ,none,4,q189.png,none,none,none,none,none
190,จากรูปถ้าพื้นมีสัมประสิทธิ์ความเสียดทานเป็นศูนย์ ต้องมีแรงกระทำกับกล่องในขนาดและมุมเท่าใดกล่องจึงจะอยู่ในสภาวะสมดุล,none,none,none,none,none,4,q190.png,a190.png,b190.png,c190.png,d190.png,none
191,ข้อใดเป็นจริง,none,none,none,none,none,4,q191.png,a191.png,b191.png,c191.png,d191.png,none
192,ปลอก A สามารถเลื่อนได้อย่างอิสระบนรางเลื่อนที่ไม่มีแรงเสียดทานในแนวนอน และผูกยึดกับมวล C ซึ่งน้ำหนักเป็น W เมื่อระบบสมดุล จงพิจารณาหาแรง P เมื่อระนะ X = 0.3 m,0.5 W,0.6 W,0.7 W,0.8 W,none,2,q192.png,none,none,none,none,none
193,จากระบบรอกที่ให้มา เมื่อภาระหนัก W จงพิจารณาคำกล่าวในข้อใดไม่ถูกต้อง,แรงตึงในเส้นเชือกรูป (a) และ(b) มีค่าเท่ากัน,แรงตึงในเส้นเชือกรูป (c) และ(d) มีค่าเท่ากัน,แรงตึงในเส้นเชือกรูป (d) และ(e) มีค่าเท่ากัน,แรงตึงในเส้นเชือกรูป (a)มีค่าเท่ากับสองเท่าของแรงตึงในเส้นเชือกรูป(e),none,3,q193.png,none,none,none,none,none
194,จงหาแรงที่คนมวล 60 kg ออกแรงดึงเชือก เพื่อพยุงตัวบนแคร่นั่ง เพื่อให้แคร่อยู่นิ่ง ดังแสดงในรูป,คนงานออกแรงดึง 588.60 N,คนงานออกแรงดึง 192.20 N,คนงานออกแรงดึง 147.15 N,คนงานออกแรงดึง 117.72 N,none,4,q194.png,none,none,none,none,none
195,มวล m ถูกแขวนด้วยเชือกตามรูป แรงตึงเชือกในข้อใดมีขนาดสูงสุด,เชือก A,เชือก B,เชือก C,เชือก D,none,1,q195.png,none,none,none,none,none
196,"ตำแหน่งรอยเชื่อมดังแสดงในรูป อยู่ในสภาวะสมดุลของแรงที่กระทำจำนวน 4 แรง ถ้าแรง Fa = 8 kN , Fb = 16 kN จงพิจารณาขนาดของแรง Fc",none,none,none,none,none,1,q196.png,a196.png,b196.png,c196.png,d196.png,none
197,"ตำแหน่งรอยเชื่อมดังแสดงในรูป อยู่ในสภาวะสมดุลของแรงที่กระทำจำนวน 4 แรง ถ้าแรง Fa = 8 kN , Fb = 16 kN จงพิจารณาขนาดของแรง Fc",none,none,none,none,none,1,q197.png,a197.png,b197.png,c197.png,d197.png,none
198,สายเคเบิล 2 สายยึดติดกันที่จุด C และมีแรงกระทำดังรูป ถ้าระบบสมดุล จงพิจารณาหาแรงในเส้นเชือก BC,440 N,220 N ,326 N,426 N,none,3,q198.png,none,none,none,none,none
199,สายเคเบิล 2 สายยึดติดกันที่จุด C และมีแรงกระทำดังรูป ถ้าระบบสมดุล จงพิจารณาหาแรงในเส้นเชือก AC,440 N,220 N,326 N,426 N,none,1,q199.png,none,none,none,none,none
200,ชิ้นไม้สี่ชิ้นประกบติดกันด้วยแผ่นโลหะดังแสดงในรูป เมื่อระบบอยู่ในสภาวะสมดุลและขนาดของแรง Fa = 1.9 kN และ Fc = 2.4 kN จงพิจารณาหาขนาดของแรง Fd,3024 N,1044 N,1512 N,522 N,none,2,q200.png,none,none,none,none,none
201,ชิ้นไม้สี่ชิ้นประกบติดกันด้วยแผ่นโลหะดังแสดงในรูป เมื่อระบบอยู่ในสภาวะสมดุลและขนาดของแรง Fa = 1.9 kN และ Fc = 2.4 kN จงพิจารณาหาขนาดของแรง Fb,3024 N,1044 N,1512 N,522 N,none,1,q201.png,none,none,none,none,none
202,ให้ T1 เป็นแรงดึงในเส้นเชือก Cable1  T2 เป็นแรงดึงในเส้นเชือก Cable2W เป็นน้ำหนักของภาระที่เชือกทั้งสองเส้น ข้อใดไม่ถูกต้อง,none,none,none,ข้อ ข และ ค ถูก,none,1,q202.png,a202.png,b202.png,c202.png,none,none
203,จากรูปข้อใดถูกต้อง   ให้ T1 เป็นแรงตึงในเส้นเชือก AP   T2 เป็นแรงตึงในเส้นเชือก BP,none,none,none,none,none,2,q203.png,a203.png,b203.png,c203.png,d203.png,none
204,จากรูปคำกล่าวในข้อใดไม่ถูกต้อง,แรงตึงเชือก AB และ BC มีขนาดเท่ากัน,แรงตึงของเชือก BD มีขนาด เท่ากับ 32 N,องค์ประกอบของแรงตึงเชือก AB และ BC ในแกน X มีขนาดเท่ากัน แต่ทิศทางตรงกันข้าม,แรงตึงเชือก AB และ BC มีขนาดเท่ากับ 16 N,none,4,q204.png,none,none,none,none,none
205,"ข้อใดไม่ถูกต้อง (ให้ TAB , TBC , TBD เป็นขนาดของแรงตึงเชือกในเส้น AB, BC และ BD ตามลำดับ)",none,none,none,none,none,2,q205.png,a205.png,b205.png,c205.png,d205.png,none
206,สำหรับระบบที่ให้มาดังรูป เมื่อ บล็อค D และ F  มีน้ำหนัก 5 N และระยะ S=0.3 m จงพิจารณาหาน้ำหนักของบล็อค E (กำหนดให้ ไม่คิดขนาดและน้ำหนักของรอก),3 N,6 N,9 N,12 N,none,2,q206.png,none,none,none,none,none
207,ถ้าแรงตึงในเส้นเชือกแต่ละเส้นรับแรงได้ไม่เกิน 80 N จงพิจารณาหาน้ำหนักที่มากที่สุดของก้อนวัตถุที่ระบบยังคงอยู่ในภาวะสมดุล,46.2 N,92.4 N,138.6 N,80 N,none,2,q207.png,none,none,none,none,none
208,ถ้าแรงตึงในเส้นเชือกแต่ละเส้นรับแรงได้ไม่เกิน 80 N จงพิจารณาหามุม ที่ทำให้ระบบอยู่ในภาวะสมดุล,30 องศา,60 องศา,45 องศา,90 องศา,none,2,q208.png,none,none,none,none,none
209,พิจารณาจากรูป ถ้าแรงในสายเคเบิล AC และ BC มีค่าเท่ากัน จงพิจารณาหาเส้นเชือกที่สั้นที่สุดที่สามารถรับแรงกระทำขนาด 1000 N ดังรูปได้ ถ้าแรงในสายเคเบิลมีค่าไม่เกิน 725 N,2.07 m,4.14 m,6.21 m,8.28 m,none,2,q209.png,none,none,none,none,none
210,แรงลัพธ์ที่กระทำต่อตะขอในแนว X มีค่าเท่าใด,-180 N,300 N,-323 N,323 N,none,4,q210.png,none,none,none,none,none
211,แรงลัพธ์ที่กระทำต่อตะขอในแนว Y  มีค่าเท่าใด,360 N,197 N,-197 N,-300 N,none,3,q211.png,none,none,none,none,none
212,จากรูปแรงลัพธ์ที่กระทำต่อสัมภาระนี้เป็นข้อใด,none,none,none,none,none,2,q212.png,a212.png,b212.png,c212.png,d212.png,none
213,จากรูปแรงลัพธ์กระทำในแนวราบของสัมภาระมีค่าเท่าใด,none,none,none,none,none,4,q213.png,a213.png,b213.png,c213.png,d213.png,none
214,ปลอกโลหะมวลเบา A และ B สามารถ เลื่อนตัวได้อย่างอิสระบนรางเลื่อนและถูกยึด ด้วยเส้นเชือกดังแสดงในรูป ถ้าแรงP= 300N j จงพิจารณาหาแรงในเส้นเชือกเมื่อระบบสมดุล,แรงในเส้นเชือก = 900N,แรงในเส้นเชือก = 600 N,แรงในเส้นเชือก = 300 N,แรงในเส้นเชือก = 450 N,none,1,q214.png,none,none,none,none,none
215,ก้อนน้ำหนัก W หนักเท่าใด ถ้าแรงตึงเชือก AD มีค่าเท่ากับ 60 N,60 N,70 N,80 N,90 N,none,4,q215.png,none,none,none,none,none
216,none,none,none,none,none,none,2,q216.png,a216.png,b216.png,c216.png,d216.png,none
217,none,ระยะ d เท่ากับ 1 เมตร,ระยะ d เท่ากับ 1.5 เมตร,เส้นเชือกยาว 2 เมตร,เส้นเชือกยาว 3 เมตร,none,4,q217.png,none,none,none,none,none
218,none,50 N,100N,150 N,200 N,none,3,q218.png,none,none,none,none,none
219,เวคเตอร์ r แสดงตามรูป สามารถเขียนแทนได้อย่างไร,none,none,none,none,none,4,q219.png,a219.png,b219.png,c219.png,d219.png,none
220,จงหาความยาวของเชือกซึ่งโยงจากพื้นไปยังผนังตามรูป,9 m,11 m,13 m,15 m,none,3,q220.png,none,none,none,none,none
221,เวคเตอร์ r แสดงตามรูป สามารถเขียนแทนได้อย่างไร,none,none,none,none,none,4,q221.png,a221.png,b221.png,c221.png,d221.png,none
222,ขนาดของเวคเตอร์ r มีค่าเท่าใด,7 m,9 m,11 m,13 m,none,1,q222.png,none,none,none,none,none
223,แรงสามแรงกระทำต่ออนุภาคในปริภูมิสามมิติใดถูกต้องที่สุด,แรงทั้งสามรวมกันเป็นเวคเตอร์ปิด (Closed Vector),แรงทั้งสามมีขนาดเท่ากัน,แรงทั้งสามทำมุมเท่ากัน,ถูกทุกข้อ,none,1,none,none,none,none,none,none
224,แรงสองแรงกระทำต่ออนุภาคในปริภูมิสามมิติ ข้อใดถูกต้อง,แรงทั้งสองรวมกันเป็นเวคเตอร์ปิด (Closed Vector),แรงทั้งสองมีขนาดเท่ากัน,แรงทั้งสองมีทิศทางตรงกันข้ามกัน,ถูกทุกข้อ,none,4,none,none,none,none,none,none
225,พิจารณาจากระบบที่ให้มา เมื่อระบบสมดุล และแรง P มีขนาด 180 N จงพิจารณาหาแรงในเส้นเชือก AC,300 N,240 N,208 N,416 N,none,1,q225.png,none,none,none,none,none
226,พิจารณาจากระบบที่ให้มา เมื่อระบบสมดุล และแรง P มีขนาด 180 N จงพิจารณาหาแรงในเส้นเชือก AD,300 N,240 N,208 N,480 N,none,4,q226.png,none,none,none,none,none
227,พิจารณาจากระบบที่ให้มา เมื่อระบบสมดุล และแรง P มีขนาด 180 N จงพิจารณาหาแรงในสปริง AB,300 N,240 N,209 N,416 N,none,4,q227.png,none,none,none,none,none
228,พิจารณาจากระบบที่ให้มา เมื่อระบบสมดุล และกล่องหนัก 40 N จงพิจารณาว่าข้อใดกล่าวถูกต้อง,แรงในเส้นเชือก AB และ AC มีค่าเท่ากัน,แรงในเส้นเชือก AB และ AD มีค่าเท่ากัน,แรงในเส้นเชือก AD และ AC มีค่าเท่ากัน,ไม่มีข้อถูก,none,1,q228.png,none,none,none,none,none
229,พิจารณาจากระบบที่ให้มา เมื่อระบบสมดุล และกล่องหนัก 40 N จงพิจารณาหาแรงในเส้นเชือก AD,15 N,20 N,24 N,48 N,none,1,q229.png,none,none,none,none,none
230,แผ่นโลหะวงกลมมีน้ำหนัก 600 N ถูกยึดด้วยสายเคเบิลสามสายดังแสดงในรูป โดยที่สายเคเบิลทั้งสามผูกติดกันที่จุด D และแต่ละเส้นทำมุม 30๐ กับแนวดิ่ง DO เมื่อระบบสมดุล จงพิจารณาว่าข้อใดกล่าวถูกต้อง,แรงในเส้นเชือก AD และ BD มีค่าเท่ากัน,แรงในเส้นเชือก CD และ BD มีค่าเท่ากัน,แรงในเส้นเชือก AD และ CD มีค่าเท่ากัน,ไม่มีข้อถูก,none,3,q230.png,none,none,none,none,none
231,แผ่นโลหะวงกลมมีน้ำหนัก 600 N ถูกยึดด้วยสายเคเบิลสามสายดังแสดงในรูป โดยที่สายเคเบิลทั้งสามผูกติดกันที่จุด D และแต่ละเส้นทำมุม 30๐ กับแนวดิ่ง DO เมื่อระบบสมดุล จงพิจารณาหาแรงในสายเคเบิล AD,295 N,395 N,102.5 N,205 N,none,1,q231.png,none,none,none,none,none
232,แผ่นโลหะวงกลมมีน้ำหนัก 600 N ถูกยึดด้วยสายเคเบิลสามสายดังแสดงในรูป โดยที่สายเคเบิลทั้งสามผูกติดกันที่จุด D และแต่ละเส้นทำมุม 30๐ กับแนวดิ่ง DO เมื่อระบบสมดุล จงพิจารณาหาแรงในสายเคเบิล BD,295 N,396 N,102.5 N,206 N,none,3,q232.png,none,none,none,none,none
233,พิจารณาจากระบบที่ให้มา เมื่อระบบสมดุล และแรงในเส้นเชือก DC มีขนาด 600 N จงพิจารณาหาแรงในเส้นเชือก DA,195 N,250 N,386 N,428 N,none,3,q233.png,none,none,none,none,none
234,พิจารณาจากระบบที่ให้มา เมื่อระบบสมดุล และถังหนัก 771 N จงพิจารณาว่าข้อใดถูกต้อง,แรงในเส้นเชือก DA มีค่าสูงสุด,แรงในเส้นเชือก DB มีค่าสูงสุด,แรงในเส้นเชือก DC มีค่าสูงสุด,ไม่มีข้อถูก,none,3,q234.png,none,none,none,none,none
235,ข้อใดไม่ถูกต้อง เมื่อ FR คือ แรงลัพธ์ ขนาด 120 N,none,none,none,none,none,4,q235.png,a235.png,b235.png,c235.png,d235.png,none
236,ข้อใดถูกต้อง เมื่อ FR คือ แรงลัพธ์ ขนาด 120 N,none,none,none,none,none,3,q236.png,a236.png,b236.png,c236.png,d236.png,none
237,ข้อใดไม่ถูกต้อง เกี่ยวกับแรงลัพธ์ที่กระทำที่จุด A,none,none,none,none,none,4,q237.png,a237.png,b237.png,c237.png,d237.png,none
238,พิจารณาจากโครงสร้างมวลเบาดังรูป ถ้าไม่คิด ผลเนื่องจากแรงเสียดทาน เมื่อระบบสมดุลแรงดึงใน เส้นเชือกABD มีค่าเท่ากับข้อใด,40 N,60.2N,80 N,89.4 N,none,3,q238.png,none,none,none,none,none
239,คานถูกตรึงติดผนังด้วยแกนหมุน (pin) ที่จุด A และ ดึงด้วยเชือกที่จุด B ถ้าระยะทาง x ระหว่างจุด A และ น้ำหนัก W เพิ่มขึ้น ขนาดของแรงที่ผนังกระทำต่อจุด A จะเกิดการเปลี่ยนแปลงอย่างไร,ขนาดของแรงที่ผนังกระทำต่อจุด A บนคานในแนวระนาบลดลง ขนาดของแรงที่ผนังกระทำต่อจุด A บนคานในแนวดิ่งลดลง,ขนาดของแรงที่ผนังกระทำต่อจุด A บนคานในแนวระนาบเพิ่มขึ้น ขนาดของแรงที่ผนังกระทำต่อจุด A บนคานในแนวดิ่งลดลง,ขนาดของแรงที่ผนังกระทำต่อจุด A บนคานในแนวระนาบลดลง ขนาดของแรงที่ผนังกระทำต่อจุด A บนคานในแนวดิ่งเพิ่มขึ้น,ขนาดของแรงที่ผนังกระทำต่อจุด A บนคานในแนวระนาบเพิ่มขึ้น ขนาดของแรงที่ผนังกระทำต่อจุด A บนคานในแนวดิ่งเพิ่มขึ้น,none,2,q239.png,none,none,none,none,none
240,ระบบรอกที่ให้ ถ้าไม่มีแรงเสียดทานในระบบจะมี อัตราได้เปรียบเชิงกล W/T เท่าไร,3 เท่า,4 เท่า,5 เท่า,6 เท่า,none,2,q240.png,none,none,none,none,none
241,เชือก AB ต้องทนแรงดึงอย่างน้อยที่สุดเท่าใด ไม่ต้องพิจารณามวลของคาน,1666.67 N,1250 N,1000 N,750 N,none,4,q241.png,none,none,none,none,none
242,สลักที่จุด O ต้องทนแรงได้อย่างน้อยเท่าใด,400 N,500 N,555.56 N,600 N,none,2,q242.png,none,none,none,none,none
243,สากเหยียบของครกกระเดื่องประกอบด้วยสากไม้ทรงกระบอก เส้นผ่านศูนย์กลาง 0.5 m หนัก 300 N และคาน เหยียบที่มีขนาดพื้นที่หน้าตัดเท่ากันตลอดความยาวคานหนัก 150 N ต้องออกแรงเหยียบ F ไม่น้อยกว่าเท่าใด จึงจะสามารถยกสากไม้ขึ้นมาได้,600 N,675 N,750 N,825 N,none,4,q243.png,none,none,none,none,none
244,ปฏิกิริยาที่จุด B มีค่าเท่าใด ไม่ต้องพิจารณามวลของวัตถุเกร็ง,none,none,none,none,none,3,q244.png,a244.png,b244.png,c244.png,d244.png,none
245,ปฏิกิริยาที่จุด A และ B มีค่าเท่าใด ไม่ต้องพิจารณามวลของวัตถุเกร็ง,none,none,none,none,none,3,q245.png,a245.png,b245.png,c245.png,d245.png,none
246,คานเบา AD มีแรงขนาด 40 N จำนวน 2 แรงกระทำดังรูป โดยที่คานมีจุดรองรับแบบฝังแน่นในพื้นที่จุด D และถูกรองรับด้วยเส้นเชือก BE ที่ถ่วงตุ้มน้ำหนัก W = 100 N จงพิจารณาหาแรงปฏิกิริยาที่จุด D,none,none,none,none,none,1,q246.png,a246.png,b246.png,c246.png,d246.png,none
247,บันได AB พาดพิงผนังดังแสดงในรูป ถ้าผนังที่จุด B เรียบลื่น จงหาค่าสัมประสิทธิ์ความเสียดทานสถิตย์ ที่น้อยที่สุดที่จุด A ที่ทำให้ระบบอยู่ในสภาวะสมดุล,none,none,none,none,none,3,q247.png,a247.png,b247.png,c247.png,d247.png,none
248,มวล 8 kg ถูกรองรับด้วยวิธีการแตกต่างกันสามรูปแบบ ดังแสดงในรูป ถ้าพูลเลย์มีรัศมี 0.1 m จงพิจารณาข้อใดไม่ถูกต้อง,none,none,none,none,none,3,q248.png,a248.png,b248.png,c248.png,d248.png,none
249,แผ่นบางลื่นรับแรงตามรูป เราสามารถรักษาให้แผ่นอยู่ในสมดุลด้วยการขันหมุดในช่อง (slot) ซึ่งต้านการเคลื่อนที่แต่ไม่ต้านการหมุน ได้ที่ช่องใด,ช่อง A,ช่อง B,ช่อง C,ทุกตำแหน่งที่กล่าวมาใช้ไม่ได้เลย,none,3,q249.png,none,none,none,none,none
250,จงหาทิศทางของแรง F ที่กระทำกับวัตถุเกร็ง ที่จะทำให้ปฏิกิริยาที่จุด B มีค่าน้อยที่สุด ไม่ต้องพิจารณามวลของวัตถุเกร็ง,none,none,none,none,none,3,q250.png,a250.png,b250.png,c250.png,d250.png,none
251,ปฏิกิริยาที่จุด A และ B มีค่าเท่าใด ไม่ต้องพิจารณามวลของวัตถุเกร็ง,none,none,none,none,none,4,q251.png,a251.png,b251.png,c251.png,d251.png,none
252,ชิ้นส่วนมวลเบารูปเศษหนึ่งส่วนสี่ของวงกลมรัศมี R มีแรง P กระทำในแนวดิ่งที่จุด A ดังแสดงในรูป ถ้าระบบสมดุล จงพิจารณาว่าข้อใดถูกต้อง,none,none,none,none,none,2,q252.png,a252.png,b252.png,c252.png,d252.png,none
253,สำหรับการสมดุลของวัตถุของระบบ 2 มิติทั่วไป ให้พิจารณาข้อความ ต่อไปนี้ 1) ผลคูณทางพีชคณิตของแรงในทิศทางตั้งฉากทั้งสองเท่ากับศูนย์ 2) ผลรวมทางเรขาคณิตของโมเมนต์รอบจุดหมุนใดๆ เท่ากับศูนย์,ข้อ 1) ควรแก้เป็น ผลรวมทางพีชคณิตของแรงในทิศทางตั้งฉากทั้งสอง เท่ากับศูนย์ ข้อ 2) ควรแก้เป็น ผลรวมทางพีชคณิตของโมเมนต์รอบจุดหมุนใดๆ เท่ากับ ศูนย์,ข้อ 1) ควรแก้เป็น ผลคูณทางพีชคณิตของแรงในทิศทางตั้งฉากทั้งสอง เท่ากับศูนย์ ข้อ 2) ควรแก้เป็น ผลคูณทางพีชคณิตของโมเมนต์รอบจุดหมุนใดๆ เท่ากับ ศูนย์,ข้อ 1) ควรแก้เป็น ผลรวมทางพีชคณิตในทิศทางตั้งฉากทั้งสองไม่เท่ากับศูนย์ ข้อ 2) ควรแก้เป็น ผลรวมทางพีชคณิตของโมเมนต์รอบจุดหมุนใดๆ ไม่เท่ากับศูนย์,ข้อ 1) ควรแก้เป็น ผลคูณทางพีชคณิตในทิศทางตั้งฉากทั้งสองเท่ากับศูนย์ ข้อ 2) ควรแก้เป็น ผลคูณทางพีชคณิตของโมเมนต์รอบจุดหมุนใดๆ เท่ากับ ศูนย์,none,1,none,none,none,none,none,none
254,จากรูปชิ้นส่วนใดที่แรงกระทำเป็นศูนย์,"AB, BC, DG","AB, BC, DG, DE, EG","AB, BC, CH, DG, DE, EG","AB, BC, AH, HG, DG, DE, EG",none,3,q254.png,none,none,none,none,none
255,จากรูปให้หาแรงปฏิกิริยาที่จุด A,none,none,none,none,none,1,q255.png,a255.png,b255.png,c255.png,d255.png,none
256,ถ้ามวล M=1000kg ใช้ g=10m/s2 ที่จุด B เป็นจุดยึดตายตัว แรงที่เกิดขึ้นที่จุด B เป็นเท่าไร,none,none,none,none,none,4,q256.png,a256.png,b256.png,c256.png,d256.png,none
257,แรงปฏิกิริยาที่จุด B เท่ากับ เท่าใด,none,none,none,none,none,2,q257.png,a257.png,b257.png,c257.png,d257.png,none
258,แรงปฏิกิริยาที่จุด A เท่ากับ เท่าใด,none,none,none,none,none,3,q258.png,a258.png,b258.png,c258.png,d258.png,none
259,สำหรับระบบมวลเบาที่สมดุล ดังรูป เมื่อแรงตึงในสายเคเบิล AB มีค่า 800 N จงพิจารณาหาขนาดแรง P ที่กระทำ,312N,624N,859N,430N,none,1,q259.png,none,none,none,none,none
260,สำหรับระบบมวลเบาที่สมดุล ดังรูป เมื่อแรงตึงในสายเคเบิล AB มีค่า 800 N จงพิจารณาหาขนาด แรงปฏิกิริยาที่จุด C,312N,624N,859N,430N,none,3,q260.png,none,none,none,none,none
261,จากโครงสร้างมวลเบาดังรูป เมื่อไม่คำนึงผลของแรงเสียดทาน  จงพิจารณาหาแรงในเส้นเชือก ABDเมื่อ แรง P มีขนาด 300 N,100N,200N,300N,400N,none,2,q261.png,none,none,none,none,none
262,จากโครงสร้างมวลเบาดังรูป เมื่อไม่คำนึงผลของแรงเสียดทาน จงพิจารณาหาแรงปฏิกิริยาที่จุด C เมื่อ แรง P มีขนาด 1000 N,145N,289N,577N,1154N,none,3,q262.png,none,none,none,none,none
263,สำหรับโครงสร้างมวลเบาดังรูป ถ้าแรงตึงในเส้นเชือก BD มีค่าเท่ากับ 1300 N และจุดรองรับ C เป็นแบบฝังแน่น คำกล่าวใดถูกต้อง,แรงปฏิกิริยาที่จุด C มีค่า 750 N,แรงปฏิกิริยาที่จุด C มีค่า 1500 N,ขนาดโมเมนต์ที่จุดC มีค่า 750 Nm,ขนาดโมเมนต์ที่จุดC มีค่า 1500 Nm,none,4,q263.png,none,none,none,none,none
264,สำหรับโครงสร้างมวลเบาดังรูป เมื่อระบบสมดุล จงหาแรงตึงในเส้นเชือก BE,960N,3230N,3750N,ไม่มีข้อถูก,none,2,q264.png,none,none,none,none,none
265,สำหรับโครงสร้างมวลเบาดังรูป เมื่อระบบสมดุล จงหาแรงตึงในเส้นเชือก CF,960N,3230N,3750N,ไม่มีข้อถูก,none,1,q265.png,none,none,none,none,none
266,สำหรับโครงสร้างมวลเบาดังรูป เมื่อระบบสมดุล จงหาแรงปฏิกิริยาที่จุด D,960N,3230N,3750N,ไม่มีข้อถูก,none,3,q266.png,none,none,none,none,none
267,ท่อส่งน้ำเนื้อวัสดุสม่ำเสมอตลอดทั่วทั้งความยาวมีมวล 100 kg กระทำที่จุดศูนย์ถ่วง G วางสัมผัสกับพื้นผิวเรียวที่ จุด A B และ C ดังรูป จงพิจารณาหาแรงปฏิกิริยาที่จุด A,247N,493N,554N,494N,none,1,q267.png,none,none,none,none,none
268,ท่อส่งน้ำเนื้อวัสดุสม่ำเสมอตลอดทั่วทั้งความยาวมีมวล 100 kg กระทำที่จุดศูนย์ถ่วง G วางสัมผัสกับพื้นผิวเรียวที่ จุด A B และ C ดังรูป จงพิจารณาหาแรงปฏิกิริยาที่จุด B,247N,493N,554N,494N,none,3,q268.png,none,none,none,none,none
269,ท่อส่งน้ำเนื้อวัสดุสม่ำเสมอตลอดทั่วทั้งความยาวมีมวล 100 kg กระทำที่จุดศูนย์ถ่วง G วางสัมผัสกับพื้นผิวเรียวที่ จุด A B และ C ดังรูป จงพิจารณาหาแรงปฏิกิริยาที่จุด C,247N,493N,554N,494N,none,2,q269.png,none,none,none,none,none
270,คานมวลเบาและบางรองรับด้วยหมุด(Pin)ที่จุด A และรองรับด้วย Rocker ที่จุด B ภายใต้ภาระแรงกระทำดังรูป จงหาขนาดของแรงปฏิกิริยาที่จุด B,180N,192N,342N,642N,none,4,q270.png,none,none,none,none,none
271,"ทราบว่าแรงในชิ้นส่วน AC, FAC= 400 N (แรงกด) เรียกแรงในชิ้นส่วน AB ว่า FAB ข้อใดถูกต้อง",none,none,none,none,none,2,q271.png,a271.png,b271.png,c271.png,d271.png,none
272,"จากรูป แรงในชิ้นส่วน AB,Fab  เท่ากับเท่าไร",none,none,none,none,none,3,q272.png,a272.png,b272.png,c272.png,d272.png,none
273,"จากรูป แรงในชิ้นส่วน AC,Fac  เท่ากับเท่าไร",none,none,none,none,none,2,q273.png,a273.png,b273.png,c273.png,d273.png,none
274,แรงปฏิกิริยาที่กระทำที่จุด A เท่ากับเท่าใด,none,none,none,none,none,2,q274.png,a274.png,b274.png,c274.png,d274.png,none
275,แรงปฏิกิริยาที่กระทำที่จุด AB เท่ากับเท่าใด,none,none,none,none,none,2,q275.png,a275.png,b275.png,c275.png,d275.png,none
276,แรงปฏิกิริยาในแนวราบ ที่จุด A มีค่าเท่าใด,10 kN,12 kN,12sin60๐ kN,12cos60๐ kN ,none,4,q276.png,none,none,none,none,none
277,แรงปฏิกิริยาในแนวดิ่ง ที่จุด A และ E รวมกัน มีค่าเท่าใด,10 kN,12 kN,10 + 12cos60๐ kN ,10 + 12sin60๐ kN,none,4,q277.png,none,none,none,none,none
278,สมการของโมเมนต์รอบจุด B เมื่อระบบสมดุลจะเท่ากับข้อใด,none,none,none,ไม่มีข้อถูก,none,2,q278.png,a278.png,b278.png,c278.png,none,none
279,แรงปฏิกิริยาที่จุด A เท่ากับข้อใด,none,none,none,none,none,2,q279.png,a279.png,b279.png,c279.png,d279.png,none
280,สมการโมเมนต์รอบจุด C เท่ากับเท่าไร เมื่อทิศทวนเข็มเป็นบวก และเรียกแรงในชิ้นส่วน AB ว่า Fab,none,none,none,none,none,1,q280.png,a280.png,b280.png,c280.png,d280.png,none
281,แรงปฏิกิริยาที่จุด B เท่ากับเท่าไร,none,none,none,none,none,2,q281.png,a281.png,b281.png,c281.png,d281.png,none
282,ข้อใดไม่ถูกต้อง,แรงปฏิกิริยาที่จุด A ประกอบด้วยแรงในแนว X อย่างเดียว,แรงปฏิกิริยาที่จุด A ประกอบด้วยแรงในแนว X และแนว Y,แรงปฏิกิริยาที่จุด B ประกอบด้วยแรงในแนว Y อย่างเดียว,เมื่อหาโมเมนต์ รอบจุด A จะได้ค่าของแรงปฏิกิริยาที่จุด B,none,1,q282.png,none,none,none,none,none
283,แรงปฏิกิริยาที่จุด B มีค่าเท่าใด,15 kN,15L kN,27 kN,27L kN,none,1,q283.png,none,none,none,none,none
284,แรงปฏิกิริยาในแนว X ของจุด A มีค่าเท่าใด,10 kN,12 kN,22 kN,32 kN,none,4,q284.png,none,none,none,none,none
285,ขนาดของแรงปฏิกิริยาที่จุด F ในแนว y มีค่าเท่าใด,none,none,none,none,none,1,q285.png,a285.png,b285.png,c285.png,d285.png,none
286,แรงปฏิกิริยาที่จุด D มีขนาดเท่าใด,1 kN,none,0.5 kN,0.1 kN,none,2,q286.png,none,b286.png,none,none,none
287,แรงปฏิกิริยาในแนวดิ่งที่จุด B มีขนาดเท่าใด,500 N,200 N,100 N,50 N,none,1,q287.png,none,none,none,none,none
288,ข้อใดไม่ถูกต้อง,แรงปฏิกิริยาที่จุด C คือ ,แรงปฏิกิริยาในแนวราบของจุด A คือ ,แรงปฏิกิริยาในแนวดิ่งของจุด A คือ ,แรงปฏิกิริยาในแนวดิ่งของจุด A คือ,none,4,q288.png,a288.png,b288.png,c288.png,d288.png,none
289,คานถูกเชื่อมติดกับผนังที่จุด A ด้วย ball-andsocket joint น้ำหนัก W ถูกแขวนที่ปลาย B และ มีเชือกผูกไปยังจุด C และ D บนผนัง ข้อใดผิด เมื่อวัตถุอยู่ในสมดุล,ขนาดของแรงตามแนวแกน x และ z ที่กระทำต่อคานผนังที่จุด A มีค่าเป็นศูนย์,ขนาดของแรงตามแนวแกน y ที่กระทำต่อคานผนังที่จุด A มีค่าเป็นศูนย์,ถ้าระยะ AB สั้นลง แรงตึงเชือกจะน้อยลง,แรงตึงเชือกทั้งสองเส้นมีขนาดเท่ากัน,none,2,q289.png,none,none,none,none,none
290,แขวนแผ่นไม้หนัก 200 N ด้วยเชือกสามเส้น แผ่นไม้วางตัวอยู่ในแนวราบ จงหาแรงตึงเชือกที่จุด C,50 N,80 N,100 N,160 N,none,3,q290.png,none,none,none,none,none
291,บานพับ ชิ้นหนึ่ง เมื่อยึดติดกับผนังและบานประตูแล้ว สามารถเกิดแรงและโมเมนต์แบบใดได้บ้าง,none,none,none,none,none,3,none,a291.png,b291.png,c291.png,d291.png,none
292,แรงสามแรงกระทำกับท่อน้ำที่ปลายข้างหนึ่งถูกฝังกับผนัง ปฏิกิริยาที่เกิดขึ้นที่จุดฝังท่อ O ปฏิกิริยาใดบ้างที่มีค่าเท่ากับศูนย์,แรงปฏิกิริยาในแนวแกน y โมเมนต์ปฏิกิริยารอบแกน x,แรงปฏิกิริยาในแนวแกน x และในแนวแกน y โมเมนต์ปฏิกิริยารอบแกน x,แรงปฏิกิริยาในแนวแกน y โมเมนต์ปฏิกิริยารอบแกน x และรอบแกน y,แรงปฏิกิริยาในแนวแกน y และในแนวแกน y โมเมนต์ปฏิกิริยารอบแกน x และรอบแกน y,none,2,q292.png,none,none,none,none,none
293,แผ่นเพลทสี่เหลี่ยมขนาด 200 mm x 200 mm มีมวล 50 kg ถูกรองรับด้วยเส้นเชือกสามเส้นในแนวดิ่งที่จุด AB และ C ดังแสดงในรูป จงพิจารณาว่าคำกล่าวข้อใดถูกต้องที่สุด,แรงในเส้นเชือกที่จุด A มีค่าน้อยกว่าแรงในเส้นเชือกที่จุด B,แรงในเส้นเชือกที่จุด C มีค่าน้อยกว่าแรงในเส้นเชือกที่จุด B,แรงในเส้นเชือกที่จุด B มีค่าน้อยกว่าแรงในเส้นเชือกที่จุด C,แรงในเส้นเชือกที่จุด B มีค่าน้อยกว่าแรงในเส้นเชือกที่จุด A,none,4,q293.png,none,none,none,none,none
294,แผ่นเพลทสี่เหลี่ยมขนาด 200 mm x 200 mm มีมวล 50 kg ถูกรองรับด้วยเส้นเชือกสามเส้นในแนวดิ่งที่จุด AB และ C ดังแสดงในรูป จงพิจารณาว่าคำกล่าวข้อใดถูกต้องที่สุด,แรงในเส้นเชือกที่จุด B มีค่ามากกว่าแรงในเส้นเชือกที่จุด A,แรงในเส้นเชือกที่จุด C มีค่ามากกว่าแรงในเส้นเชือกที่จุด A,แรงในเส้นเชือกที่จุด B มีค่าเท่ากับแรงในเส้นเชือกที่จุด C,แรงในเส้นเชือกที่จุด A มีค่าเท่ากับแรงในเส้นเชือกที่จุด C,none,3,q294.png,none,none,none,none,none
295,บานพับมีจำนวนของแรงปฏิกิริยา (Number of Reaction) เป็นเท่าใด,3 แรง,3 แรง กับ 3 โมเมนต์,2 แรง กับ 2 โมเมนต์,3 แรง กับ 2 โมเมนต์,none,4,none,none,none,none,none,none
296,จงหาแรงที่กระทำที่เบ้ายึด (ball socket) A โดยที่มีแรง F แรงเดียวที่กระทำที่จุด B,none,none,none,none,none,2,q296.png,a296.png,b296.png,c296.png,d296.png,none
297,แผ่นเพลทสี่เหลี่ยมขนาด 300 mm x3200 mm มีน้ำหนัก W ถูกรองรับด้วยเส้นเชือกสามเส้นในแนวดิ่งที่จุด AB และ C ดังแสดงในรูป จงพิจารณาว่าคำกล่าวข้อใดถูกต้องที่สุด,none,none,none,none,none,1,q297.png,a297.png,b297.png,c297.png,d297.png,none
298,เชือก AC ทนแรงดึงสูงสุด 20N แรงตึงเชือก AC ที่ดึงหมุด A อยู่  เท่ากับเท่าไร,none,none,none,none,none,3,q298.png,a298.png,b298.png,c298.png,d298.png,none
299,เชือกชนิดเดียวกันสองเส้นทนแรงดึงได้ 10N ขึงอยู่ดังรูป แรงลัพธ์ของเชือกสองเส้นนี้ที่กระทำที่จุด A มีค่าเท่าไร,none,none,none,none,none,2,q299.png,a299.png,b299.png,c299.png,d299.png,none
300,พิจารณาจากระบบท่อที่ให้มา เมื่อจุดรองรับAเป็นแบบฝังแน่น และไม่คิดมวลของระบบท่อ จงหาขนาดแรงปฏิกิยาที่จุดAในแนวแกน x ( Ax),0 N,150 N,200 N,350 N,none,1,q300.png,none,none,none,none,none
301,พิจารณาจากระบบท่อที่ให้มา เมื่อจุดรองรับAเป็นแบบฝังแน่น และไม่คิดมวลของระบบท่อ จงหาขนาดแรงปฏิกิยาที่จุดAในแนวแกน y (Ay ),0 N,150 N,200 N,350 N,none,3,q301.png,none,none,none,none,none
302,พิจารณาจากระบบท่อที่ให้มา เมื่อจุดรองรับAเป็นแบบฝังแน่น และไม่คิดมวลของระบบท่อ จงหาขนาดแรงปฏิกิยาที่จุดAในแนวแกน z (Az ),0 N,150 N,200 N,350 N,none,2,q302.png,none,none,none,none,none
303,พิจารณาจากระบบท่อที่ให้มา เมื่อจุดรองรับAเป็นแบบฝังแน่น และไม่คิดมวลของระบบท่อ จงหาขนาดโมเมนต์ที่จุดAรอบแกน x (Mx ),0 Nm,100 Nm,300 Nm,500 Nm,none,2,q303.png,none,none,none,none,none
304,พิจารณาจากระบบท่อที่ให้มา เมื่อจุดรองรับAเป็นแบบฝังแน่น และไม่คิดมวลของระบบท่อ จงหาขนาดโมเมนต์ที่จุดAรอบแกน y (My ),0 Nm,100 Nm,300 Nm,500 Nm,none,1,q304.png,none,none,none,none,none
305,พิจารณาจากระบบท่อที่ให้มา เมื่อจุดรองรับAเป็นแบบฝังแน่น และไม่คิดมวลของระบบท่อ จงหาขนาดโมเมนต์ที่จุดAรอบแกน z (Mz ),0 Nm,100 Nm,300 Nm,500 Nm,none,4,q305.png,none,none,none,none,none
306,รถเข็นมีแรงกระทำอันเนื่องมาจากสิ่งของที่บรรทุก ดังแสดงในรูป เมื่อไม่คิดมวลของรถเข็น จงหาขนาดของแรงปฏิกิริยาที่ล้อ A,1.5 kN,2.53 kN,2.95 kN,4.52 kN,none,3,q306.png,none,none,none,none,none
307,รถเข็นมีแรงกระทำอันเนื่องมาจากสิ่งของที่บรรทุก ดังแสดงในรูป เมื่อไม่คิดมวลของรถเข็น จงหาขนาดของแรงปฏิกิริยาที่ล้อ B,1.5 kN,2.00 kN,2.95 kN,4.52 kN,none,2,q307.png,none,none,none,none,none
308,รถเข็นมีแรงกระทำอันเนื่องมาจากสิ่งของที่บรรทุก ดังแสดงในรูป เมื่อไม่คิดมวลของรถเข็น จงหาขนาดของแรงปฏิกิริยาที่ล้อ C,1.5 kN,0.53 kN,2.53 kN,4.52 kN,none,3,q308.png,none,none,none,none,none
309,แท่งโลหะมวลเบาในแนวนอนยาว 3 เมตร มีแรงกระทำที่ปลายขนาด 4 kN ดังรูป จงหาแรงตึงในสายเคเบิล BD เมื่อจุดรองรับ A เป็น ball and socket,5.24 kN,2.67 kN,1.53 kN,4.52 kN,none,1,q309.png,none,none,none,none,none
310,แรงปฏิกิริยา (Reaction Force) และโมเมนต์ปฏิกิริยา (Reaction Moment) ที่จุด O มีค่าเท่าใด,none,none,none,none,none,2,q310.png,a310.png,b310.png,c310.png,d310.png,none
311,แรงลัพธ์ที่กระทำต่อจุด O มีค่าเท่าใด,none,none,none,none,none,3,q311.png,a311.png,b311.png,c311.png,d311.png,none
312,เมื่อระบบอยู่ในสมดุล จุด O จะต้องรับโมเมนต์เท่าใด,none,none,none,none,none,2,q312.png,a312.png,b312.png,c312.png,d312.png,none
313,แรงปฏิกิริยาที่จุด A มีค่าเท่าไร,none,none,none,none,none,3,q313.png,a313.png,b313.png,c313.png,d313.png,none
314,โมเมนต์ปฏิกิริยา (Reaction Moment) ที่จุด A มีค่าเท่าใด (N.m),none,none,none,none,none,1,q314.png,a314.png,b314.png,c314.png,d314.png,none
315,เสา OA ปักอยู่ในพื้นตามรูป มีแรงตึงเชือกขนาด 10 kN กระทำ แรงปฏิกิริยาที่จุด O คือข้อใด,none,none,none,ไม่มีคำตอบที่ถูกต้อง,none,2,q315.png,a315.png,b315.png,c315.png,none,none
316,เสา OA ปักอยู่ในพื้นและมีแรงตึงเชือกขนาด 10 kN กระทำดังรูป แรงปฏิกิริยาที่จุด O คือข้อใด,none,none,none,ข้อ ข. และ ค. ถูก,none,4,q316.png,a316.png,b316.png,c316.png,none,none
317,แผ่นวัสดุแผ่นหนึ่ง ถูกยกด้วยแรงแสดงดังรูป น้ำหนักของแผ่นวัสดุนี้มีค่าเท่าใด,15 kN,none,none,none,none,3,q317.png,none,b317.png,c317.png,d317.png,none
318,คุณสมบัติของแรงเสียดทานในข้อใดไม่ถูกต้อง,แรงเสียดทานจะมีทิศทางตรงกันข้ามกับการเคลื่อนที่เสมอ,แรงเสียดทานจะขึ้นอยู่กับความขรุขระของผิวสัมผัสและพื้นที่หน้าตัดของผิวสัมผัส,แรงเสียดทานขณะที่วัตถุเคลื่อนที่จะมีค่าน้อยกว่าแรงเสียดทานขณะเริ่มต้นเคลื่อนที่,ค่าของแรงเสียดทานสูงสุดจะเท่ากับผลคูณของสัมประสิทธิ์ความเสียดทานสถิตกับแรงปฏิกิริยาที่ตั้งฉากกับผิวสัมผัสของการเคลื่อนที่,none,2,none,none,none,none,none,none
319,ก้อนมวล W ต้องมีมวลเท่าใด ระบบจึงจะอยู่ในสภาวะสมดุล,75 N,125 N,150 N,200 N,none,1,q319.png,none,none,none,none,none
320,ออกแรงผลักพัสดุ 1000 N ที่ระดับความสูง 1.5 m วัดจากพื้น ต้องออกแรงผลักเท่าใดจึงจะทำให้กล่องคว่ำ สมมติให้พัสดุมีความหนาแน่นเท่ากันทั้งพัสดุ,300 N,400 N,500 N,600 N,none,2,q320.png,none,none,none,none,none
321,ถ้ากล่องในรูป (a) และ (b) ถูกดึงด้วยแรง F ที่มีขนาดเท่ากัน และกล่องทั้งสองหยุดนิ่ง ไม่เคลื่อนที่ ข้อความใดเป็นจริง,none,none,none,none,none,2,q321.png,a321.png,b321.png,c321.png,d321.png,none
322,จงหาค่าที่น้อยที่สุดของสัมประสิทธิ์ความเสียดทานสถิตย์ ระหว่างเสาและผิวด้านในของกระบอกสูบ A ที่จะทำให้ระบบอยู่ในสภาพสมดุลดังรูป กำหนดให้น้ำหนักของกระบอกสูบ A และมวล C มีค่าเท่ากับ 100 N และ 200 N ตามลำดับ,0.1,0.25,0.5,0.75,none,3,q322.png,none,none,none,none,none
323,พิจารณาชิ้นโลหะดังรูป ถ้าสัมประสิทธิ์ความเสียดทานสถิต มีค่าเท่ากับ 0.4 สำหรับทุกผิวสัมผัส จงพิจารณาหาขนาดแรง P ที่น้อยที่สุดที่ทำให้ชิ้นโลหะส่วนล่างเริ่มเคลื่อนที่ถ้าชิ้นโลหะส่วนล่างมีมวล 200 kg และชิ้นโลหะส่วนบนมีมวล 100 kg,P = 392.4 N,P = 784.8 N,P = 1177.2 N,P = 1569.6 N,none,4,q323.png,none,none,none,none,none
324,กล่องใบหนึ่งถูกแรงดังรูป จงหาระยะ h ที่ทำให้กล่องเริ่มล้ม ถ้าแรงเสียดทาน มีค่าเป็นอนันต์,none,none,none,none,none,2,q324.png,a324.png,b324.png,c324.png,d324.png,none
325,ผังวัตถุอิสระของมวล B จะมีแรงทั้งสิ้นกี่แรงให้สัมประสิทธ์แรงเสียดทานสถิตย์เท่ากับ 0.3 ทุกผิวสัมผัส,2,3,4,5,none,3,q325.png,none,none,none,none,none
326,"ถ้าแรง P = 10 N เชือกที่ผูกมวล B จะมีแรงดึงเท่าใด เมื่อ MB = 1 kg, MA = 2 kg, g = 10 m/s2",TB = 1 N,TB = 3 N,TB = 30 N,TB = 10 N,none,2,q326.png,none,none,none,none,none
327,"ถ้าแรง P = 10 N แรงเสียดทานระหว่างมวล A กับพื้นมีค่าเท่าใด เท่าใด เมื่อ MB = 1 kg, MA = 2 kg, g = 10 m/s2",fA= 9 N,fA= 19 N,fA= 29 N,fA= 39 N,none,1,q327.png,none,none,none,none,none
328,"ให้สัมประสิทธิ์แรงเสียดทานสถิตย์เท่ากับ ระหว่างผิวสัมผัส ABC และมี มวล MA , MB และ Mc ตามลำดับ การเขียนผังวัตถุอิสระของมวล A ที่สมบูรณ์จะมีแรงทั้งหมดกี่แรง",1,3,5,7,none,3,q328.png,none,none,none,none,none
329,โต๊ะทำงานหนัก 360 N วางอยู่บนพื้นที่มีสัมประสิทธิ์ความเสียดทานสถิตย์ ผู้ชายคนหนึ่งออกแรงผลักโต๊ะ โดยออกแรงทำมุมดังรูป จงหาแรงที่น้อยที่สุดที่ชายคนดังกล่าวออกแรงเพื่อให้โต๊ะเคลื่อนที่,101 N,121 N,202 N,242 N,none,2,q329.png,none,none,none,none,none
330,ผู้ชายคนหนึ่งหนัก 800 N อยู่บนพื้นที่มีสัมประสิทธิ์ความเสียดทานสถิตย์ระหว่างรองเท้ากับพื้นดังรูป ให้หาระยะ d ที่ทำให้เกิดแรงในแนวนอนที่กระทำต่อประตูมีค่าสูงสุด,0.45 m,0.55 m,0.65 m,0.75 m,none,1,q330.png,none,none,none,none,none
331,ผู้ชายคนหนึ่งหนัก 800 N อยู่บนพื้นที่มีสัมประสิทธิ์ความเสียดทานสถิตย์ระหว่างรองเท้ากับพื้นดังรูป ให้หาแรงในแนวนอนที่กระทำต่อประตูที่มีค่าสูงสุดเท่าที่เป็นไปได้,200 N,300 N,400 N,500 N,none,3,q331.png,none,none,none,none,none
332,จากระบบกลไกเบรคที่ให้มา ถ้าสัมประสิทธิ์ความเสียดทานสถิตย์ระหว่างผ้าเบรค B กับล้อหมุนดังรูป มีโมเมนต์ขนาด 5 Nm  จงหาค่าของแรง P ที่ใช้ในการหยุดห้ามล้อ,30 N,40 N,60 N,70 N,none,2,q332.png,none,none,none,none,none
333,จากรูปถ้าแรง P = 200 N  โดย N หาได้จากสมการใด,none,none,none,none,none,1,q333.png,a333.png,b333.png,c333.png,d333.png,none
334,จากรูปถ้าแรง P = 200 N และทำการคำนวณแรงในแนวพื้นเอียงได้ 327 N ทิศขึ้นพื้นเอียง ข้อใดสรุปได้ถูกต้อง,กล่องเคลื่อนที่ขึ้น,กล่องเคลื่อนที่ลง,กล่องอยู่กับที่,ไม่มีข้อถูก,none,2,q334.png,none,none,none,none,none
335,จากรูปเมื่อแรงกระทำ P = 200 N และทำการคำนวณแรงปฏิกริยาตั้งฉากกับผิวพื้นเอียงได้เป็น N = 966 N ตรวจสอบพบว่ากล่องเคลื่อนที่ลง แรงเสียดทานที่เกิดขึ้นในขณะนั้นมีค่าเท่าใด,193 N,290 N,60 N,40 N,none,1,q335.png,none,none,none,none,none
336,ทุกผิวสัมผัสมีสัมประสิทธิ์แรงเสียดทานสถิต  ผังวัตถุอิสระของวัตถุ B จะมีแรงกี่แรง (ไม่คิดมวลของ B),3 แรง,4 แรง,5 แรง,6 แรง,none,3,q336.png,none,none,none,none,none
